1.065346524119377136e-01,9.362779557704925537e-02,6.584576517343521118e-02,-3.406957164406776428e-02,-1.063496768474578857e-01,-9.963617660105228424e-03,-7.339356001466512680e-03,-1.004600077867507935e-01,6.980431824922561646e-02,-2.993184141814708710e-02,1.427071262151002884e-02,3.018431365489959717e-02,-1.708502322435379028e-02,-6.687874346971511841e-02,-1.953445840626955032e-03,6.492407619953155518e-02,-1.608714461326599121e-02,8.666757494211196899e-02,-2.073471620678901672e-02,-8.459244854748249054e-03,3.759514540433883667e-02,1.178380772471427917e-01,-1.671867445111274719e-02,6.873955577611923218e-02,2.668890915811061859e-02,-1.931674662046134472e-03,-1.085481513291597366e-02,6.873573875054717064e-04,3.020519204437732697e-02,8.237309008836746216e-02,-6.297099590301513672e-02,-3.590826317667961121e-02,-7.088831067085266113e-02,-7.008723914623260498e-04,3.655769675970077515e-02,-3.952562808990478516e-02,3.197553381323814392e-02,-3.824758902192115784e-02,-7.374285906553268433e-02,4.084432870149612427e-02,5.895084142684936523e-02,6.596095114946365356e-02,-8.109796047210693359e-02,1.288338750600814819e-02,4.682490974664688110e-02,-2.952848561108112335e-02,-1.227709837257862091e-02,-8.070638775825500488e-02,-8.012040704488754272e-02,-4.552334547042846680e-02,1.010274142026901245e-01,6.920654326677322388e-02,8.060751855373382568e-02,8.385898917913436890e-02,9.898904711008071899e-02,-3.721859678626060486e-02,7.419808954000473022e-02,-6.124929338693618774e-02,-1.495621073991060257e-02,8.105426281690597534e-02,-8.988147228956222534e-02,2.023911476135253906e-02,3.094839863479137421e-03,3.712499514222145081e-02,6.922148913145065308e-02,7.450393587350845337e-02,-1.854601781815290451e-03,-3.514441428706049919e-03,3.199589252471923828e-02,-3.581788390874862671e-02,-5.161908268928527832e-02,-3.739867731928825378e-02,3.166951984167098999e-02,-3.914227336645126343e-02,-5.475049838423728943e-02,-1.350732520222663879e-02,8.405049890279769897e-02,-2.798422612249851227e-02,-9.869617968797683716e-02,2.205661498010158539e-02,1.115675270557403564e-01,7.835790747776627541e-04,1.180469244718551636e-02,-3.075653128325939178e-02,4.597378894686698914e-02,1.412955485284328461e-02,-6.896291673183441162e-02,5.353882163763046265e-02,-9.379449486732482910e-02,8.012520521879196167e-02,-4.245882853865623474e-02,2.941528148949146271e-02,3.601064160466194153e-02,4.974820092320442200e-02,6.585733592510223389e-02,1.972870528697967529e-02
9.714735299348831177e-02,6.777445226907730103e-02,5.991397425532341003e-02,-5.587441846728324890e-02,-1.517012249678373337e-02,1.081139780580997467e-02,2.411473356187343597e-02,-1.057656630873680115e-01,-1.863266713917255402e-02,-3.584459796547889709e-02,6.534475833177566528e-02,-6.105855107307434082e-03,6.093986704945564270e-02,7.464793324470520020e-02,5.468044430017471313e-02,1.199987158179283142e-01,-5.049308016896247864e-02,5.820638686418533325e-02,5.248638242483139038e-02,2.092127688229084015e-02,2.823977358639240265e-02,-1.808794587850570679e-02,6.989488750696182251e-02,1.224979609251022339e-01,-1.634776219725608826e-02,-1.568862586282193661e-03,-5.908698961138725281e-02,-5.813933908939361572e-02,-6.405302137136459351e-02,2.974937669932842255e-02,2.063737623393535614e-02,4.225557669997215271e-02,-6.077201291918754578e-02,-7.253471761941909790e-02,-8.444813638925552368e-02,5.613270029425621033e-02,-2.763127163052558899e-02,5.390505865216255188e-02,-1.051886007189750671e-01,-2.339664660394191742e-02,7.038364559412002563e-02,2.599521353840827942e-02,3.177990729454904795e-04,1.001090370118618011e-02,-2.789118513464927673e-02,1.419195439666509628e-03,8.212324231863021851e-02,-8.456220477819442749e-02,-4.472645465284585953e-03,-6.099064834415912628e-03,1.172509789466857910e-02,-4.269047826528549194e-02,-6.949176080524921417e-03,-8.926742523908615112e-02,4.464337974786758423e-02,-4.376996308565139771e-02,-7.423364371061325073e-02,8.564090728759765625e-02,-5.221726000308990479e-02,-1.176273375749588013e-01,-3.001510910689830780e-02,-5.103223398327827454e-02,1.047642827033996582e-01,8.494348824024200439e-02,6.623864918947219849e-02,-7.886312156915664673e-02,8.476748317480087280e-02,7.469635456800460815e-02,-5.455768853425979614e-02,5.403930693864822388e-02,2.135741710662841797e-02,-5.962206632830202579e-04,-1.848624646663665771e-02,7.728866301476955414e-03,-1.053678337484598160e-02,-6.279274821281433105e-02,1.138065159320831299e-01,3.577136248350143433e-02,9.734025597572326660e-02,2.955896779894828796e-02,4.679798707365989685e-02,-8.303802460432052612e-02,-1.461332850158214569e-02,-5.071462318301200867e-02,2.181322313845157623e-02,9.789139777421951294e-02,2.622716873884201050e-02,-3.546258807182312012e-02,-3.602744266390800476e-02,1.178576145321130753e-02,4.812040179967880249e-02,2.150726877152919769e-02,-5.561736598610877991e-02,-5.685762315988540649e-02,8.900503627955913544e-03,1.215389668941497803e-01
7.540848851203918457e-02,-7.717756927013397217e-02,7.997044920921325684e-02,-3.763489797711372375e-02,-4.093142226338386536e-02,8.205261081457138062e-02,6.099383533000946045e-02,3.766215872019529343e-03,4.917860031127929688e-02,-9.628280997276306152e-02,-3.666532784700393677e-02,7.058350741863250732e-02,3.003020957112312317e-02,-7.224965095520019531e-02,2.939784340560436249e-02,5.449698492884635925e-02,-3.350921720266342163e-02,8.716635406017303467e-03,-9.001383185386657715e-02,-1.400657370686531067e-02,-5.159481987357139587e-02,2.219367958605289459e-02,-1.075239330530166626e-01,3.744549304246902466e-02,4.664815496653318405e-03,-7.187640666961669922e-02,9.448055177927017212e-02,-6.514980643987655640e-02,3.626375109888613224e-04,-4.280590452253818512e-03,3.081245534121990204e-02,-2.072297269478440285e-03,-9.410299360752105713e-02,9.187035262584686279e-02,6.507501006126403809e-02,-3.488716855645179749e-02,8.674471080303192139e-02,-9.315086901187896729e-02,2.726675197482109070e-02,4.769657179713249207e-02,1.024116016924381256e-02,-4.389186389744281769e-03,-6.987947225570678711e-02,5.758921615779399872e-03,-6.371256895363330841e-03,5.096589773893356323e-02,-3.232882916927337646e-02,9.635952860116958618e-02,-8.922787010669708252e-02,8.657391369342803955e-02,-5.394223704934120178e-02,-2.556490339338779449e-02,3.601716458797454834e-02,4.686880484223365784e-02,3.134831041097640991e-02,-4.083262290805578232e-03,1.837874390184879303e-02,8.933658152818679810e-02,-5.290247965604066849e-03,7.048646360635757446e-02,-4.223905503749847412e-02,-7.964280992746353149e-02,-1.256548427045345306e-02,4.538397490978240967e-02,-6.552551686763763428e-02,6.638422608375549316e-02,-8.524743467569351196e-02,6.337191164493560791e-02,-1.098684668540954590e-01,-7.911870628595352173e-02,9.716717526316642761e-03,-2.891628630459308624e-02,-9.923542849719524384e-03,-1.378945913165807724e-02,9.335812926292419434e-02,-6.718834396451711655e-03,-7.439086586236953735e-02,3.514977172017097473e-02,-7.640551030635833740e-02,-1.036224514245986938e-01,8.930937200784683228e-02,2.806931361556053162e-02,-1.069252416491508484e-01,-8.885118365287780762e-02,-3.796908259391784668e-02,9.606075286865234375e-02,2.090450841933488846e-03,3.272676840424537659e-02,3.643516451120376587e-02,-5.356101691722869873e-02,1.446736231446266174e-02,4.253986105322837830e-02,4.680657759308815002e-02,8.681964129209518433e-02,2.236171998083591461e-02,-1.049858108162879944e-01
8.377890288829803467e-02,6.891418248414993286e-02,2.813700214028358459e-02,7.422512769699096680e-02,8.108985610306262970e-03,-3.717106580734252930e-02,2.221333049237728119e-02,1.788987033069133759e-02,7.526107132434844971e-02,1.576903648674488068e-02,-1.143935099244117737e-01,-1.925572380423545837e-02,-9.193366393446922302e-03,5.399137362837791443e-02,-2.087301574647426605e-02,1.829238492064177990e-03,-2.115941233932971954e-02,1.217985972762107849e-01,8.177162706851959229e-02,-7.743740826845169067e-02,2.233760245144367218e-02,7.625957578420639038e-02,-7.428769767284393311e-02,9.571938216686248779e-02,-2.796111814677715302e-02,4.558684304356575012e-02,-3.431981662288308144e-03,-1.218211930245161057e-02,9.414518624544143677e-02,-5.163264274597167969e-02,8.385198190808296204e-03,-5.630647763609886169e-02,1.772039942443370819e-02,-3.931172657757997513e-03,-9.430800378322601318e-02,-6.731017958372831345e-03,-2.689028903841972351e-02,-7.793543487787246704e-02,-9.285151958465576172e-02,-7.400658726692199707e-02,-1.050454527139663696e-01,-5.801265314221382141e-02,6.270433217287063599e-02,-6.795428693294525146e-02,1.038844604045152664e-02,6.759313493967056274e-02,4.409804567694664001e-02,5.691533535718917847e-02,8.631322532892227173e-03,5.137617513537406921e-02,-8.151514828205108643e-02,-6.536343693733215332e-02,-9.168046526610851288e-04,-2.540222182869911194e-02,8.311489224433898926e-02,7.639717310667037964e-02,4.587303102016448975e-02,-9.737723320722579956e-02,-5.873373150825500488e-02,5.509929358959197998e-02,-4.367695748805999756e-02,7.521341741085052490e-02,6.959099322557449341e-02,-8.790631592273712158e-02,3.583720652386546135e-03,3.058645315468311310e-02,9.916703402996063232e-02,-1.017810702323913574e-01,-1.316506415605545044e-01,-6.499337404966354370e-02,-1.235141535289585590e-03,5.590705573558807373e-02,-6.869285553693771362e-02,9.184077382087707520e-02,9.955427050590515137e-02,-1.042682230472564697e-01,1.452693366445600986e-03,-5.343429371714591980e-02,1.084967330098152161e-02,5.641842633485794067e-02,-2.394965663552284241e-02,-4.055352509021759033e-02,-5.161863565444946289e-02,-4.654793813824653625e-02,-7.475005835294723511e-02,8.096548169851303101e-02,-1.493443455547094345e-02,-7.054825779050588608e-03,6.252323836088180542e-02,1.865983940660953522e-02,6.216601002961397171e-03,-4.785136878490447998e-02,-7.170263677835464478e-02,6.727806478738784790e-02,-1.912419684231281281e-02,-2.599974977783858776e-04
-3.444616496562957764e-02,8.653115481138229370e-02,8.026907593011856079e-02,3.305826801806688309e-03,-1.835241355001926422e-02,4.228621721267700195e-02,1.261712759733200073e-01,1.347402017563581467e-02,-8.083362132310867310e-02,-8.263119310140609741e-02,7.228749990463256836e-02,3.652041777968406677e-02,-2.187914773821830750e-02,1.147666871547698975e-01,2.263103611767292023e-02,-8.907201141119003296e-02,-9.722229093313217163e-02,7.449506968259811401e-02,8.988610468804836273e-03,-4.763282835483551025e-02,4.864156618714332581e-02,8.068713545799255371e-02,1.927799545228481293e-02,4.934010794386267662e-04,1.232904475182294846e-02,9.704947471618652344e-02,-6.570348143577575684e-02,-1.040573939681053162e-01,-4.553400725126266479e-02,3.834748268127441406e-02,7.186498492956161499e-02,-2.165905572474002838e-02,8.847916871309280396e-02,1.579643227159976959e-02,2.880218625068664551e-02,-9.284188598394393921e-02,7.711135596036911011e-02,-1.313639152795076370e-02,2.235782332718372345e-02,-4.880266264081001282e-02,3.649605065584182739e-02,1.116841733455657959e-01,1.613928079605102539e-01,4.900022223591804504e-02,-8.037495613098144531e-02,4.138740524649620056e-02,-1.918843202292919159e-02,-1.968367397785186768e-02,-4.100468475371599197e-03,5.292470008134841919e-02,4.245353862643241882e-02,7.894606888294219971e-02,-2.456479473039507866e-03,-7.383269071578979492e-02,-7.018610090017318726e-02,1.313840150833129883e-01,9.425795078277587891e-02,-4.920333251357078552e-02,1.334117054939270020e-01,4.360352829098701477e-02,-1.282252650707960129e-02,1.373544931411743164e-01,-5.672811344265937805e-02,8.051651716232299805e-02,-2.280214056372642517e-02,8.182249218225479126e-02,-4.216537997126579285e-02,-3.066031262278556824e-02,9.866827726364135742e-02,2.074653096497058868e-02,5.389955476857721806e-04,-3.338509425520896912e-02,-2.322197705507278442e-02,1.552945096045732498e-02,4.389314353466033936e-02,-2.150700800120830536e-02,-1.770457997918128967e-02,-1.008652225136756897e-01,6.576669216156005859e-02,-9.879107028245925903e-02,5.665357783436775208e-02,8.611419051885604858e-02,7.551980018615722656e-02,-2.213847450911998749e-02,1.141391135752201080e-02,6.030285730957984924e-02,5.997473746538162231e-02,-7.020629197359085083e-02,-7.977686822414398193e-02,7.959593087434768677e-02,-9.185305237770080566e-02,-7.940089702606201172e-02,3.567153960466384888e-02,-6.225615274161100388e-03,-1.122634932398796082e-01,-9.963811933994293213e-02
-5.405470728874206543e-02,-8.301538228988647461e-02,1.064183637499809265e-01,5.451203137636184692e-02,-3.203361481428146362e-02,4.270064830780029297e-02,5.603078752756118774e-03,-7.707288861274719238e-02,-5.395774915814399719e-02,-8.304237388074398041e-03,-1.205418407917022705e-01,-6.539030373096466064e-02,-7.400619983673095703e-02,-3.399745561182498932e-03,-4.915424506179988384e-04,-2.846462652087211609e-02,-2.210940606892108917e-02,1.122927442193031311e-01,-3.306360542774200439e-02,-5.934150516986846924e-02,6.349108368158340454e-02,7.280475925654172897e-03,-3.555811475962400436e-03,1.361052785068750381e-02,-1.007481217384338379e-01,-8.280626684427261353e-02,9.844530373811721802e-02,8.096291124820709229e-02,3.281429782509803772e-02,-8.435398340225219727e-03,-2.702763676643371582e-02,-2.566158957779407501e-02,-7.679329812526702881e-02,-3.393473848700523376e-02,1.231137197464704514e-02,9.116460382938385010e-02,-5.084170028567314148e-02,-2.378802932798862457e-02,9.627036750316619873e-02,-1.943102851510047913e-02,-3.501419350504875183e-02,5.512377992272377014e-02,9.587037563323974609e-02,-1.252523362636566162e-01,-8.447382599115371704e-02,-9.837833791971206665e-02,-1.123878546059131622e-02,-8.390528149902820587e-03,-6.131783127784729004e-02,-1.003242135047912598e-01,-8.924195170402526855e-02,-3.865997493267059326e-02,-4.531632736325263977e-02,1.240095705725252628e-03,-1.255496442317962646e-01,-6.018659099936485291e-02,2.194364741444587708e-02,-6.581567693501710892e-03,2.661772631108760834e-02,2.737866528332233429e-02,4.465510696172714233e-02,-1.300230771303176880e-01,1.980620436370372772e-02,7.725355029106140137e-02,9.679776616394519806e-03,7.529073208570480347e-02,7.205474376678466797e-02,-4.317167401313781738e-02,4.986220970749855042e-02,4.307227581739425659e-02,-4.354112967848777771e-02,9.131893515586853027e-02,8.232425153255462646e-02,2.633501775562763214e-02,8.773111552000045776e-02,-1.024278476834297180e-01,2.842117659747600555e-02,-6.162129715085029602e-02,5.706829950213432312e-02,-4.969190340489149094e-03,-1.123153120279312134e-01,8.353689312934875488e-02,8.173238486051559448e-02,-2.427700348198413849e-02,3.799579665064811707e-02,6.121224910020828247e-02,-7.392620295286178589e-02,-6.324626505374908447e-02,-8.181985467672348022e-02,-1.851537497714161873e-03,-2.886846289038658142e-02,6.251449882984161377e-02,6.671925634145736694e-02,5.900036916136741638e-02,5.479278415441513062e-02,3.189534321427345276e-02
-2.770877815783023834e-02,6.279212981462478638e-02,-1.075773313641548157e-01,-4.098613187670707703e-02,-8.857297152280807495e-02,-1.027338579297065735e-01,8.926937729120254517e-02,3.363537415862083435e-02,4.201847314834594727e-02,-6.884539127349853516e-02,-5.721499398350715637e-02,-8.446851745247840881e-03,8.783866465091705322e-02,1.023226007819175720e-01,-1.052514240145683289e-01,-7.501581683754920959e-03,-5.609875544905662537e-02,-1.118038897402584553e-03,9.012389183044433594e-02,6.812721490859985352e-03,-1.010831668972969055e-01,-2.429002895951271057e-02,-7.309208810329437256e-02,-2.365928702056407928e-02,-3.793033584952354431e-02,4.199125245213508606e-02,6.969458609819412231e-02,-2.287016436457633972e-02,-5.717341974377632141e-02,4.493817314505577087e-02,-3.767881169915199280e-02,-4.596713930368423462e-02,6.220766901969909668e-02,4.172071069478988647e-02,8.631215989589691162e-02,7.601962238550186157e-02,-4.275426268577575684e-02,-2.871695160865783691e-02,-4.040413722395896912e-02,-5.845687910914421082e-02,-1.928799226880073547e-02,-1.216179970651865005e-02,-5.038023740053176880e-02,-1.661235280334949493e-02,-9.720470011234283447e-02,5.478195101022720337e-02,-3.907242789864540100e-02,2.083949744701385498e-02,-4.015499353408813477e-02,-2.059508301317691803e-02,-2.272789832204580307e-03,7.019655406475067139e-02,-4.447634518146514893e-02,-2.324577607214450836e-02,8.305012434720993042e-02,7.490706443786621094e-02,8.451966941356658936e-02,7.398431748151779175e-02,6.956072896718978882e-02,3.168299049139022827e-02,-1.084701344370841980e-01,1.179388910531997681e-01,-6.778125651180744171e-03,1.042319182306528091e-02,-8.887724019587039948e-03,-3.929309919476509094e-02,-8.826344460248947144e-02,-6.105412170290946960e-02,2.483580447733402252e-02,3.119032084941864014e-02,9.924005717039108276e-02,-6.874395906925201416e-02,-2.548261359333992004e-02,-3.277797251939773560e-02,-5.959914252161979675e-02,6.917168945074081421e-02,3.630884364247322083e-02,-5.787518993020057678e-02,2.252862043678760529e-02,-7.674591243267059326e-02,-9.677676856517791748e-02,6.562892347574234009e-02,4.240455850958824158e-02,-4.165500774979591370e-02,9.231777489185333252e-02,-4.295453056693077087e-02,-6.418672949075698853e-02,-8.851330727338790894e-02,-7.745025306940078735e-02,5.604745075106620789e-02,-6.809686310589313507e-04,3.917720913887023926e-02,-4.452202469110488892e-02,-4.321944899857044220e-03,-6.623495370149612427e-02,7.960809767246246338e-02
1.048622187227010727e-02,1.117349341511726379e-01,-6.299407035112380981e-02,-8.101219683885574341e-02,-1.081677153706550598e-02,-9.215200692415237427e-02,-3.387107700109481812e-02,-2.740190550684928894e-02,6.695471704006195068e-02,1.148567721247673035e-02,-1.405614148825407028e-02,7.558251917362213135e-02,5.602112039923667908e-02,-5.229677259922027588e-02,4.083127155900001526e-02,-8.364035934209823608e-02,5.411919206380844116e-02,5.273148883134126663e-03,3.790512681007385254e-02,3.298955410718917847e-02,-7.888645678758621216e-02,-7.464874535799026489e-02,4.185019060969352722e-02,6.710617244243621826e-02,2.322131581604480743e-02,-8.781228959560394287e-02,-6.260813772678375244e-02,5.581238865852355957e-02,-2.094060182571411133e-02,-8.871128410100936890e-02,4.445005208253860474e-02,8.499006181955337524e-02,-4.235011001583188772e-04,-3.910689800977706909e-02,-1.423785090446472168e-02,-9.698247909545898438e-02,1.572979800403118134e-02,8.948449045419692993e-02,2.664810419082641602e-02,-8.547416329383850098e-02,6.467843800783157349e-02,-1.042734980583190918e-01,-2.908175811171531677e-02,-4.882269352674484253e-02,1.060175374150276184e-01,5.572958663105964661e-02,-4.481703788042068481e-02,8.873080462217330933e-02,-1.052592881023883820e-02,8.861108124256134033e-02,1.125082820653915405e-01,-2.804044820368289948e-02,-9.833861142396926880e-02,-4.325413703918457031e-02,6.366226007230579853e-04,8.532448858022689819e-02,6.013509631156921387e-02,-7.619187235832214355e-02,-5.438813567161560059e-02,9.222812205553054810e-02,4.249446094036102295e-02,-1.956595182418823242e-01,8.888357877731323242e-02,2.633043564856052399e-03,-6.841322872787714005e-03,1.048214212059974670e-01,8.702841401100158691e-02,-2.534858323633670807e-02,-8.218795061111450195e-02,-6.398089230060577393e-02,3.628840669989585876e-02,2.585669234395027161e-02,-3.029767982661724091e-02,-7.218291610479354858e-02,4.770920798182487488e-02,9.794931858777999878e-03,-6.184555217623710632e-02,4.257453978061676025e-02,-3.947951644659042358e-02,-1.353950891643762589e-02,4.244911298155784607e-02,1.988127082586288452e-02,7.278633769601583481e-03,7.160471379756927490e-02,9.721323102712631226e-02,-9.336584806442260742e-02,2.486506476998329163e-02,-4.989946261048316956e-03,-6.033688038587570190e-02,1.865322142839431763e-02,3.753887489438056946e-02,2.451769448816776276e-02,-5.713387951254844666e-02,1.411740947514772415e-02,1.055479720234870911e-01,7.293222099542617798e-02
7.443375140428543091e-02,-2.063466235995292664e-02,1.030324026942253113e-01,-4.411363229155540466e-02,2.649322524666786194e-02,5.627065151929855347e-02,1.048300266265869141e-01,-1.104420889168977737e-02,4.275901988148689270e-02,-7.010103017091751099e-02,6.078210100531578064e-02,1.274798810482025146e-01,9.503197856247425079e-03,1.255962401628494263e-01,-4.860492050647735596e-02,-6.502452492713928223e-02,3.987495601177215576e-02,-1.167382299900054932e-02,-8.940323442220687866e-02,1.275756862014532089e-02,-2.443633042275905609e-03,1.482145339250564575e-01,-4.684481024742126465e-02,-5.066500976681709290e-02,-2.130906656384468079e-02,8.492575585842132568e-02,1.102422028779983521e-01,4.050561785697937012e-02,-9.365468472242355347e-02,2.397395297884941101e-02,-6.717479974031448364e-02,1.728660240769386292e-02,-4.500042647123336792e-02,1.082946285605430603e-01,7.003512978553771973e-02,5.461068078875541687e-02,5.619462463073432446e-04,5.135359242558479309e-02,1.266549229621887207e-01,-1.071594730019569397e-01,4.008295014500617981e-02,7.314620167016983032e-02,1.467994600534439087e-01,8.142000436782836914e-02,-5.865854397416114807e-02,1.727342791855335236e-02,-6.421431899070739746e-02,1.586316078901290894e-01,-2.739771082997322083e-02,-6.991183012723922729e-02,-3.666732460260391235e-02,3.904939070343971252e-02,-1.924674808979034424e-01,8.853383362293243408e-02,-7.419455796480178833e-02,8.924520760774612427e-02,3.310245275497436523e-02,5.942476168274879456e-02,1.330091357231140137e-01,-9.314932674169540405e-02,1.216897368431091309e-02,-4.068685695528984070e-02,5.649068579077720642e-02,-7.948010414838790894e-02,-4.757719859480857849e-02,5.179828777909278870e-02,4.632212221622467041e-02,-3.891613706946372986e-02,1.352360472083091736e-02,4.308003932237625122e-02,-9.944063425064086914e-02,2.644201740622520447e-02,-7.316716760396957397e-02,5.218287929892539978e-02,5.236115306615829468e-03,7.730889320373535156e-02,-6.635711342096328735e-02,4.385862126946449280e-02,-4.261514917016029358e-02,8.745161816477775574e-03,-5.214094743132591248e-02,-4.655942693352699280e-02,3.013740293681621552e-02,4.914822429418563843e-02,-2.843653783202171326e-02,-9.306846559047698975e-02,1.189783662557601929e-01,6.710739433765411377e-02,-4.769823513925075531e-03,1.019918546080589294e-01,-9.630464017391204834e-02,-5.838935449719429016e-02,-4.257563501596450806e-02,-8.790270984172821045e-02,-3.665252774953842163e-02,1.789935491979122162e-02
-2.165641076862812042e-02,3.813095157966017723e-03,-1.008405014872550964e-01,-4.116622731089591980e-02,4.862577840685844421e-02,-8.816078305244445801e-02,-5.177611112594604492e-02,-2.872977592051029205e-02,-1.816217415034770966e-02,-2.376115007791668177e-04,9.589942544698715210e-02,-1.032097637653350830e-02,8.526990562677383423e-02,8.187202364206314087e-02,7.494986802339553833e-02,-2.334800176322460175e-02,-5.953237414360046387e-04,3.354581771418452263e-03,-1.046196836978197098e-02,-6.887007504701614380e-02,2.904324978590011597e-02,7.860210537910461426e-02,-5.119172856211662292e-02,-3.206344321370124817e-03,-6.375987827777862549e-02,2.137207053601741791e-02,-9.276694059371948242e-02,-4.080768674612045288e-02,5.556763708591461182e-02,4.954747483134269714e-02,-4.086934030055999756e-02,-3.479681909084320068e-02,3.751185908913612366e-02,-2.559503307566046715e-03,-1.063996329903602600e-01,-6.209033355116844177e-02,-3.760598972439765930e-02,1.523192785680294037e-02,9.051200002431869507e-02,7.653744518756866455e-02,2.658783830702304840e-02,-9.885615855455398560e-02,9.779559075832366943e-02,2.242696657776832581e-02,2.117485739290714264e-02,7.206165790557861328e-02,-1.599025912582874298e-02,-6.236334517598152161e-02,4.979396983981132507e-02,7.633558660745620728e-02,8.679810166358947754e-02,-1.546409726142883301e-02,-5.892483517527580261e-02,-8.765251934528350830e-02,-8.068678528070449829e-02,-1.422270108014345169e-02,-6.200361624360084534e-02,-1.025429368019104004e-01,-6.127592176198959351e-02,-6.980882026255130768e-03,-7.163724303245544434e-02,4.481499642133712769e-02,3.318969905376434326e-02,-8.396711945533752441e-02,2.836955711245536804e-02,-6.736771017313003540e-02,-5.332129448652267456e-02,-6.096838042140007019e-02,4.233863577246665955e-02,-5.487060546875000000e-02,-1.255666557699441910e-02,6.512890756130218506e-02,1.214594952762126923e-02,9.302654303610324860e-03,1.056204643100500107e-02,7.331998646259307861e-02,-2.772359549999237061e-02,-6.656800210475921631e-02,-9.364729374647140503e-02,-7.855258136987686157e-02,3.397366404533386230e-02,-9.711612761020660400e-02,-2.477680332958698273e-02,-9.040579199790954590e-02,-1.082584857940673828e-01,9.204798936843872070e-02,3.335405513644218445e-02,1.448004506528377533e-02,-1.183310896158218384e-02,3.410838544368743896e-02,6.083811447024345398e-02,-1.015473008155822754e-01,7.817436009645462036e-03,5.361372232437133789e-02,-3.078255429863929749e-02,-4.631718248128890991e-02
7.773192971944808960e-02,5.095279589295387268e-02,-3.661859314888715744e-03,5.595481023192405701e-02,5.608066543936729431e-02,6.389493495225906372e-02,-1.190889161080121994e-02,-4.651503637433052063e-02,-5.851950123906135559e-02,-4.198336601257324219e-02,-4.405352100729942322e-02,-4.751467332243919373e-02,-1.904184743762016296e-02,4.784346558153629303e-03,7.379168272018432617e-02,6.455840170383453369e-02,-6.600379943847656250e-02,-8.331543207168579102e-02,-1.503937318921089172e-02,-5.340565741062164307e-02,-7.036910206079483032e-02,-4.420324414968490601e-02,-8.713649958372116089e-02,-8.669994026422500610e-02,5.041194334626197815e-02,1.131244376301765442e-01,-7.543653249740600586e-02,3.197741508483886719e-02,-5.384279415011405945e-02,4.017683491110801697e-02,3.409286215901374817e-02,-5.621612817049026489e-02,7.433609664440155029e-02,4.227010533213615417e-02,-5.403478071093559265e-02,-3.214653953909873962e-02,1.821929216384887695e-02,9.449949860572814941e-02,-5.452130734920501709e-02,-3.533032536506652832e-02,7.689092773944139481e-03,-2.295717410743236542e-02,2.826048620045185089e-02,-1.975893229246139526e-02,1.030180156230926514e-01,8.830503374338150024e-02,4.456079006195068359e-02,9.019031375646591187e-02,-9.463665634393692017e-02,-7.089405506849288940e-02,1.000795364379882812e-01,5.133136734366416931e-02,-7.484149932861328125e-02,1.842990890145301819e-02,3.175284713506698608e-02,-6.646692007780075073e-02,-6.846062093973159790e-02,7.785426825284957886e-02,7.542612403631210327e-02,9.637521579861640930e-03,-4.475510492920875549e-02,4.700457211583852768e-03,-4.651281610131263733e-02,7.147523760795593262e-02,-5.343403294682502747e-02,-9.560334682464599609e-02,-6.713454425334930420e-02,3.503772988915443420e-02,-7.129617035388946533e-03,8.951547555625438690e-03,-5.910108610987663269e-02,3.288531675934791565e-02,4.385468363761901855e-02,-3.609478846192359924e-02,-1.149277538061141968e-01,-2.195806428790092468e-02,-2.851841412484645844e-02,-1.820727437734603882e-02,1.715392246842384338e-02,5.489471834152936935e-03,5.358812212944030762e-02,-3.074356913566589355e-02,-4.668371379375457764e-02,-9.262816607952117920e-02,-3.074504435062408447e-03,6.230830401182174683e-02,-1.136240269988775253e-02,-6.426189094781875610e-03,-6.025942787528038025e-02,-8.443869650363922119e-02,2.347116731107234955e-02,9.553014487028121948e-02,9.179670363664627075e-02,5.118064116686582565e-03,1.284089125692844391e-02,-8.174939453601837158e-02
-7.690322399139404297e-02,7.419718801975250244e-02,1.037820652127265930e-01,9.250979125499725342e-02,-5.797972530126571655e-02,4.978570714592933655e-02,-1.310234190896153450e-03,-5.689585208892822266e-02,8.035967499017715454e-02,6.278436630964279175e-02,-8.200003206729888916e-02,8.619479089975357056e-02,4.978010058403015137e-02,-2.350674569606781006e-02,-4.702498763799667358e-02,-1.020895689725875854e-01,9.005019068717956543e-02,-3.605887666344642639e-02,4.061833024024963379e-02,8.697716146707534790e-02,-8.764532394707202911e-03,-6.985864788293838501e-02,1.019646823406219482e-01,5.836601927876472473e-02,2.712785732001066208e-03,-9.906633943319320679e-02,-3.725051134824752808e-02,-4.508742317557334900e-02,1.737531460821628571e-02,-7.657196372747421265e-02,-5.614511296153068542e-02,-8.337701857089996338e-02,9.645663946866989136e-02,-6.993369013071060181e-02,-8.706675469875335693e-02,4.488774761557579041e-02,-5.180871486663818359e-02,-4.544899240136146545e-02,8.446954935789108276e-02,-8.662996441125869751e-02,-7.824999839067459106e-02,2.012390084564685822e-02,4.721522331237792969e-02,1.501846127212047577e-02,1.004834622144699097e-01,-8.968609571456909180e-02,4.006741568446159363e-02,1.286842487752437592e-02,-1.544886501505970955e-03,5.295464769005775452e-02,8.995667845010757446e-02,1.727460883557796478e-03,3.416473045945167542e-02,-3.832009807229042053e-02,5.831033736467361450e-02,-2.385695232078433037e-03,-9.009107016026973724e-03,5.008918046951293945e-02,6.098097562789916992e-02,-5.014026165008544922e-02,1.003634631633758545e-01,-1.791571974754333496e-01,1.124757304787635803e-01,-3.243692219257354736e-02,-4.477030783891677856e-02,8.181250095367431641e-02,-6.723055243492126465e-02,-6.776452809572219849e-02,1.060329675674438477e-01,3.541441634297370911e-02,-2.716351114213466644e-02,3.478449583053588867e-02,-6.784457713365554810e-02,5.159758776426315308e-02,-2.751285023987293243e-02,-6.573060154914855957e-02,2.705815248191356659e-02,4.204807430505752563e-02,-2.129536494612693787e-02,6.482135504484176636e-02,7.816606760025024414e-02,-7.887896150350570679e-02,1.102374568581581116e-01,9.300889819860458374e-02,2.737212367355823517e-02,-5.525413900613784790e-02,-5.997490510344505310e-02,-6.566505879163742065e-02,5.549579113721847534e-02,-2.516416646540164948e-02,7.103422284126281738e-02,8.469974994659423828e-02,-3.086866112425923347e-03,-5.846891179680824280e-02,2.963581122457981110e-02,1.179463416337966919e-02
-1.702623814344406128e-02,-5.695120617747306824e-02,-7.377778645604848862e-03,-1.551421126350760460e-03,1.321537047624588013e-01,-3.909041732549667358e-02,4.194443672895431519e-02,-4.018930345773696899e-02,-8.484655618667602539e-02,-1.692416518926620483e-02,1.064914017915725708e-01,5.282789096236228943e-02,2.487575693521648645e-04,1.344958245754241943e-01,6.042749807238578796e-02,-5.655381456017494202e-02,-8.940124511718750000e-02,-1.289655566215515137e-01,2.757330425083637238e-02,-7.358652353286743164e-02,-7.534722983837127686e-02,9.363554418087005615e-02,1.195134073495864868e-01,-7.015307992696762085e-02,8.462300151586532593e-02,9.123465418815612793e-02,8.387552201747894287e-02,2.871196530759334564e-02,-4.610466212034225464e-02,7.276849448680877686e-02,1.187658458948135376e-01,-9.423980116844177246e-02,-7.921341061592102051e-02,-2.403388172388076782e-02,5.142704024910926819e-02,7.701775431632995605e-02,1.217278465628623962e-01,1.002509444952011108e-01,1.217890828847885132e-01,7.331914454698562622e-02,8.023653179407119751e-02,-1.985725574195384979e-02,4.359427466988563538e-02,9.052091836929321289e-02,-3.633664548397064209e-02,1.349691450595855713e-01,3.118838183581829071e-02,7.564350217580795288e-02,7.782343029975891113e-02,9.404624998569488525e-02,-5.477192997932434082e-02,-3.962768614292144775e-02,-8.878077566623687744e-02,-7.197836041450500488e-02,9.756322205066680908e-02,-2.325576916337013245e-02,8.731788396835327148e-02,-1.087907180190086365e-01,4.980314895510673523e-02,-6.239726021885871887e-02,-4.521116614341735840e-03,7.283796370029449463e-02,7.840493321418762207e-02,-1.213492918759584427e-02,-8.864091336727142334e-02,-7.220063358545303345e-02,-8.108660578727722168e-02,9.913690388202667236e-02,1.460298802703619003e-02,1.845261640846729279e-02,8.864761330187320709e-03,-3.597268089652061462e-02,-2.129252068698406219e-02,-5.161086097359657288e-02,1.083729788661003113e-01,-9.790336340665817261e-02,8.530066162347793579e-02,-5.661746859550476074e-02,1.209295019507408142e-01,6.340800225734710693e-02,-6.009412184357643127e-02,5.663282796740531921e-02,4.980950430035591125e-02,-8.209645003080368042e-02,-6.145052239298820496e-02,6.699142605066299438e-02,-8.083482272922992706e-03,-7.039567083120346069e-02,-9.160741418600082397e-02,1.009759828448295593e-01,-6.314182281494140625e-02,8.182559162378311157e-02,-3.303787484765052795e-02,-3.219825029373168945e-02,-5.764169618487358093e-02,6.139271706342697144e-02
6.749194115400314331e-02,1.412522513419389725e-03,-4.290923476219177246e-02,-6.408138573169708252e-02,5.171123892068862915e-02,4.561506211757659912e-02,9.626779705286026001e-02,7.360757142305374146e-02,-5.748186632990837097e-02,1.073383539915084839e-01,-1.597931981086730957e-02,-1.140065938234329224e-01,5.108692497014999390e-02,-5.143581423908472061e-03,-9.498731046915054321e-02,3.506394475698471069e-02,5.688075721263885498e-02,-4.229847807437181473e-03,-5.485638510435819626e-03,5.573640763759613037e-02,-1.615927368402481079e-02,6.691189855337142944e-02,-2.023522928357124329e-02,-8.596361428499221802e-02,-5.959928780794143677e-02,8.187559247016906738e-02,-3.493711724877357483e-02,7.502497732639312744e-02,-7.180220633745193481e-02,4.613244533538818359e-02,-7.407999783754348755e-02,-7.066150754690170288e-02,-5.749261379241943359e-02,1.176553815603256226e-01,7.605652790516614914e-03,-2.024766616523265839e-02,1.298278477042913437e-02,4.548643156886100769e-02,2.342291362583637238e-02,-1.568964309990406036e-02,-6.467953324317932129e-02,8.230236917734146118e-02,9.043324738740921021e-02,-9.686844050884246826e-02,-6.067515537142753601e-02,-2.081592008471488953e-02,2.599170617759227753e-02,-3.896873444318771362e-02,2.896373160183429718e-02,-2.558696083724498749e-02,-3.522148728370666504e-02,4.071019589900970459e-03,4.728440195322036743e-02,9.224615246057510376e-02,5.858957767486572266e-02,8.303531259298324585e-02,-7.542074192315340042e-03,-7.673095911741256714e-02,5.918337032198905945e-02,-1.721677370369434357e-02,-6.014874577522277832e-02,6.134757399559020996e-02,-9.892484545707702637e-02,1.036954745650291443e-01,9.982164949178695679e-02,3.822929784655570984e-02,4.885616898536682129e-02,-2.909722551703453064e-02,-6.507605314254760742e-02,-1.027149558067321777e-01,-5.680067464709281921e-02,-7.201024889945983887e-02,1.046941056847572327e-02,8.351532369852066040e-02,6.173476204276084900e-02,6.267219781875610352e-02,5.576437339186668396e-02,2.346197143197059631e-02,1.260037347674369812e-02,1.311355549842119217e-02,-1.281163841485977173e-01,-1.639374345541000366e-02,4.027995280921459198e-03,4.772721976041793823e-02,2.160050719976425171e-02,1.186048146337270737e-02,6.146800890564918518e-02,1.416726596653461456e-02,-2.024631015956401825e-02,7.862634211778640747e-02,-1.596761494874954224e-02,3.345359489321708679e-02,7.040080614387989044e-03,-3.735872730612754822e-02,-6.308122724294662476e-02,-9.024076908826828003e-02
-6.856783479452133179e-02,2.511812932789325714e-02,1.428351830691099167e-02,4.083713516592979431e-02,2.910617925226688385e-02,-2.177324146032333374e-02,-2.854860201478004456e-02,-5.189970508217811584e-02,4.696683585643768311e-02,-3.585316985845565796e-02,-6.556096673011779785e-02,-1.311236340552568436e-02,-3.914866223931312561e-02,-3.880287706851959229e-02,-9.378069639205932617e-02,-5.139945447444915771e-02,-4.314877465367317200e-02,-8.971589803695678711e-02,-5.561747401952743530e-02,-1.282816845923662186e-02,-6.757242232561111450e-02,6.049638241529464722e-02,-1.412110868841409683e-02,-1.443408196792006493e-03,6.625061482191085815e-02,9.211035817861557007e-02,-7.668207585811614990e-02,-9.932524710893630981e-02,-9.826806373894214630e-03,-8.175861835479736328e-02,5.932223051786422729e-02,3.248554840683937073e-02,3.478163480758666992e-02,8.535470813512802124e-02,-5.060514062643051147e-02,-3.386624902486801147e-02,1.011537667363882065e-02,-8.855734765529632568e-02,-1.658962853252887726e-02,9.298983961343765259e-02,4.226671904325485229e-02,3.214037790894508362e-02,4.939712584018707275e-02,-1.112658381462097168e-01,-4.165466502308845520e-02,5.230490863323211670e-02,-6.543751806020736694e-02,-4.879566282033920288e-02,1.331832911819219589e-02,5.909892916679382324e-02,-1.983079500496387482e-02,-7.699611783027648926e-02,-5.861607566475868225e-02,5.545363947749137878e-02,-2.340759383514523506e-03,1.882271282374858856e-02,6.178113073110580444e-02,-6.673859059810638428e-02,-2.369575016200542450e-02,4.851399734616279602e-02,-4.896732047200202942e-02,1.881262846291065216e-02,4.669560864567756653e-02,6.756865233182907104e-02,6.250396370887756348e-02,-9.847008436918258667e-02,-1.774422638118267059e-02,-9.263884276151657104e-02,-3.659512847661972046e-02,1.704723201692104340e-02,-1.028964594006538391e-01,8.300946652889251709e-02,-7.106785476207733154e-02,3.856353089213371277e-02,-5.568756256252527237e-03,-7.428926974534988403e-02,3.823382407426834106e-02,7.378589361906051636e-02,-5.375860258936882019e-02,7.688385993242263794e-02,-1.614694297313690186e-02,4.392322525382041931e-02,-9.724111109972000122e-02,8.086998015642166138e-02,6.006041541695594788e-02,6.255337595939636230e-02,-4.798258841037750244e-02,-1.108400300145149231e-01,-4.599248617887496948e-02,7.780113816261291504e-02,-1.170838922262191772e-01,-7.008006796240806580e-03,8.178392797708511353e-02,-5.578526109457015991e-02,7.350422441959381104e-02,-9.358739852905273438e-02
-1.823205314576625824e-02,-1.118077710270881653e-02,-6.789182126522064209e-02,3.095284290611743927e-02,-8.038985542953014374e-03,-7.388406246900558472e-02,4.977701604366302490e-02,2.638274803757667542e-02,8.510269224643707275e-02,1.062997337430715561e-02,7.108911871910095215e-02,-1.623842306435108185e-02,-3.789344429969787598e-02,5.209843069314956665e-02,-6.360978633165359497e-02,7.040470093488693237e-02,5.685039795935153961e-03,-4.017240181565284729e-02,-7.241213321685791016e-02,-8.929532766342163086e-02,1.775043457746505737e-02,-8.774671703577041626e-03,-5.566048622131347656e-02,2.767490968108177185e-02,9.156533330678939819e-02,-2.387497574090957642e-02,-6.833630800247192383e-02,-5.707168951630592346e-02,8.218155801296234131e-02,8.453165739774703979e-02,-1.102781146764755249e-01,-5.052369832992553711e-02,6.192085891962051392e-02,-6.512188911437988281e-02,3.034250065684318542e-02,-3.592450171709060669e-02,-8.899536728858947754e-02,7.319120224565267563e-03,4.411542788147926331e-02,-5.652997270226478577e-02,-5.065777152776718140e-02,-6.692463904619216919e-02,8.509487658739089966e-02,-8.607418276369571686e-03,-7.575412094593048096e-02,7.338470220565795898e-02,3.539196401834487915e-02,-3.490490093827247620e-02,1.711695268750190735e-02,2.495571412146091461e-02,5.872991308569908142e-02,5.558056384325027466e-02,9.580000489950180054e-02,-7.161875814199447632e-02,-9.983440861105918884e-03,-7.939793914556503296e-02,3.275427967309951782e-02,4.971990361809730530e-02,1.342445146292448044e-02,-4.351443611085414886e-03,-3.796556591987609863e-02,-7.621483504772186279e-02,7.366418838500976562e-02,-7.386898249387741089e-02,-8.763063699007034302e-02,5.211384221911430359e-02,-2.023006416857242584e-02,9.756652265787124634e-02,9.998179972171783447e-02,2.705048583447933197e-02,-6.656197458505630493e-02,-3.697583079338073730e-02,-8.725026994943618774e-02,-3.044075332581996918e-02,-1.776452176272869110e-02,3.498649969696998596e-02,8.735224604606628418e-02,4.608286172151565552e-02,-9.698519110679626465e-02,8.620256930589675903e-02,1.046448200941085815e-01,7.623399794101715088e-02,-5.329954251646995544e-02,8.343970775604248047e-02,-6.174268946051597595e-02,3.037709556519985199e-02,6.361250579357147217e-02,-3.785407170653343201e-02,9.471923857927322388e-02,-1.013980899006128311e-02,-9.518974274396896362e-02,6.608022004365921021e-02,-3.533294796943664551e-02,-6.367886066436767578e-02,-5.947572365403175354e-02,-8.182510733604431152e-02
3.006246872246265411e-03,-5.237301811575889587e-02,3.692537173628807068e-02,2.106469124555587769e-02,1.190093755722045898e-01,7.666796445846557617e-02,1.124612390995025635e-01,-2.940915897488594055e-02,1.009609326720237732e-01,5.040694400668144226e-02,1.264271140098571777e-01,1.124125123023986816e-01,4.296853765845298767e-02,-1.101456023752689362e-02,4.588710889220237732e-02,8.658179640769958496e-02,-2.335657365620136261e-02,2.371594123542308807e-02,-1.134728267788887024e-02,9.299908578395843506e-02,5.921648815274238586e-02,1.045265197753906250e-01,1.131050195544958115e-02,-1.059579849243164062e-01,8.659745007753372192e-02,-1.363433599472045898e-01,-5.657799914479255676e-02,-9.698742628097534180e-02,5.548276752233505249e-02,-8.024717122316360474e-02,-7.823284715414047241e-02,2.650536969304084778e-02,-3.833899274468421936e-02,9.245298057794570923e-02,1.001059785485267639e-01,1.034080386161804199e-01,3.873028978705406189e-02,9.601555019617080688e-02,-2.103775367140769958e-02,5.937100201845169067e-02,-6.722056865692138672e-02,-3.145473077893257141e-02,2.463525533676147461e-02,8.629069477319717407e-02,6.469248235225677490e-02,-3.133860975503921509e-02,3.173090144991874695e-02,1.072036698460578918e-01,2.636990509927272797e-02,-4.705204442143440247e-02,-9.239796549081802368e-02,1.266815066337585449e-01,-3.244548663496971130e-02,-4.258976131677627563e-02,-2.020002342760562897e-02,-1.318892370909452438e-02,1.134364157915115356e-01,2.042102813720703125e-02,-5.568314343690872192e-02,-1.273599267005920410e-02,-9.070038050413131714e-02,-9.584790468215942383e-02,-1.558794453740119934e-02,-7.298322021961212158e-02,-2.346929162740707397e-02,5.143579468131065369e-02,-2.389085106551647186e-02,-1.439719945192337036e-01,5.004024133086204529e-02,-2.674467489123344421e-02,-4.384948685765266418e-02,-6.663574278354644775e-02,-4.773836582899093628e-02,-8.735858649015426636e-02,-7.819389551877975464e-02,5.824361741542816162e-02,2.827219432219862938e-03,-2.367857098579406738e-02,8.430358022451400757e-02,1.037511527538299561e-01,4.460857808589935303e-02,1.267462410032749176e-02,9.820590913295745850e-02,6.847207993268966675e-02,-3.142522764392197132e-04,7.757812738418579102e-02,-5.241113901138305664e-02,-6.955900043249130249e-02,9.987319260835647583e-02,-5.834191292524337769e-02,-4.746038466691970825e-02,-5.000283196568489075e-02,7.522579282522201538e-02,-7.970631122589111328e-02,1.779604889452457428e-02,-1.518229208886623383e-02
-2.624631859362125397e-02,1.076164320111274719e-01,2.823708578944206238e-02,-3.857870027422904968e-02,6.944186985492706299e-02,-6.261659413576126099e-02,-8.531904965639114380e-02,-6.863626837730407715e-02,-8.196960389614105225e-02,3.080739639699459076e-02,-8.534266054630279541e-02,-1.096213329583406448e-02,-2.481483668088912964e-02,-6.394897401332855225e-02,7.741487026214599609e-02,-2.397351153194904327e-02,-2.299364656209945679e-02,-3.429979085922241211e-02,-5.972511693835258484e-02,-9.031325578689575195e-02,3.450737521052360535e-02,3.733612247742712498e-04,-6.351723521947860718e-02,-8.714637160301208496e-02,-6.191306188702583313e-02,6.773611158132553101e-02,3.108089417219161987e-02,-3.339712694287300110e-02,-5.462991446256637573e-02,7.864959537982940674e-02,9.771267324686050415e-02,-5.251064896583557129e-02,7.643373310565948486e-02,6.183711066842079163e-02,-1.276475563645362854e-02,-5.655983835458755493e-02,8.421746641397476196e-02,-1.740169897675514221e-02,6.663163751363754272e-02,-8.990021049976348877e-02,-5.848171189427375793e-02,6.087988242506980896e-02,-2.087242528796195984e-02,3.078087419271469116e-02,9.039020538330078125e-02,7.631231844425201416e-02,-8.230621367692947388e-02,-2.882623113691806793e-02,3.205073997378349304e-02,-5.320776253938674927e-02,-3.789642825722694397e-02,-1.643986999988555908e-02,-3.889876231551170349e-02,9.325678460299968719e-03,-4.226217046380043030e-02,1.074973270297050476e-01,3.119816305115818977e-03,-8.966591954231262207e-02,-7.327705621719360352e-02,4.703076556324958801e-02,-3.539980947971343994e-02,-2.420505136251449585e-02,3.855814039707183838e-02,5.961862206459045410e-02,-3.806049376726150513e-02,8.806864731013774872e-03,-8.675539493560791016e-02,2.236375026404857635e-02,5.952177941799163818e-02,2.115745097398757935e-02,-6.685048341751098633e-02,-6.822823733091354370e-02,-1.800387166440486908e-02,-2.855847217142581940e-02,1.477531623095273972e-02,-2.840294875204563141e-02,3.422446921467781067e-02,6.941699981689453125e-02,5.799838155508041382e-02,-4.644158855080604553e-02,2.826186269521713257e-02,4.600565880537033081e-02,-6.981058418750762939e-02,9.165173768997192383e-02,-7.100968807935714722e-02,-4.605642706155776978e-02,-4.150168225169181824e-02,-5.328319221735000610e-02,-7.796979695558547974e-02,4.398357123136520386e-02,4.054289683699607849e-02,-5.950163304805755615e-02,-2.436319366097450256e-02,6.654115766286849976e-02,4.784584045410156250e-02,-7.490102201700210571e-02
-6.826046854257583618e-02,-5.114031210541725159e-02,-3.906894102692604065e-02,-1.254305522888898849e-02,-3.159983083605766296e-02,-6.510261446237564087e-02,5.408931151032447815e-02,8.488124236464500427e-03,6.949546933174133301e-02,1.429731724783778191e-03,7.438666373491287231e-02,7.588035613298416138e-02,-1.765327155590057373e-02,9.037173539400100708e-02,-1.323767937719821930e-03,-4.857278987765312195e-02,3.418221324682235718e-02,4.532071761786937714e-03,3.043856658041477203e-02,-1.528820861130952835e-02,-3.135776892304420471e-02,3.575953887775540352e-03,-9.405142068862915039e-02,3.157777711749076843e-02,-7.185235619544982910e-02,-8.312023431062698364e-02,5.357696115970611572e-02,4.872762039303779602e-02,-6.959222257137298584e-02,9.127975255250930786e-02,8.907382935285568237e-02,-5.962815135717391968e-02,-8.993156999349594116e-02,6.979428976774215698e-02,-2.478078007698059082e-02,9.642723947763442993e-02,-8.460019715130329132e-03,-8.715500682592391968e-02,-1.295930147171020508e-01,1.374126877635717392e-02,1.068298891186714172e-02,8.689925819635391235e-02,-6.358396261930465698e-02,-4.241492599248886108e-02,-8.282998204231262207e-02,7.949396967887878418e-02,-2.935719117522239685e-02,4.149284213781356812e-02,-5.838204175233840942e-03,-2.991584315896034241e-02,8.310945332050323486e-02,-1.009454280138015747e-01,1.809022016823291779e-02,-6.307926774024963379e-02,6.020719558000564575e-02,-1.248937752097845078e-02,-6.504257209599018097e-03,9.297624975442886353e-02,-1.877292990684509277e-02,-3.129864484071731567e-02,1.014099791646003723e-01,-4.487600922584533691e-02,1.027286797761917114e-01,6.839740276336669922e-02,4.038144275546073914e-02,1.055938228964805603e-01,-1.640761643648147583e-02,-8.074143901467323303e-03,-1.611990854144096375e-02,8.387278020381927490e-02,-1.098664943128824234e-02,9.982967749238014221e-03,6.417398154735565186e-02,1.179475635290145874e-01,-7.684963941574096680e-02,6.821257621049880981e-02,-3.745126724243164062e-02,-3.520226106047630310e-02,3.853690251708030701e-02,9.904352575540542603e-02,-6.864927709102630615e-02,-9.435882419347763062e-02,-2.591653540730476379e-02,8.018513023853302002e-02,7.270748168230056763e-02,-7.489299774169921875e-02,-6.383722275495529175e-02,-6.794255971908569336e-02,-3.964187577366828918e-02,-6.410815566778182983e-02,-4.148944094777107239e-02,-7.070419844239950180e-03,-6.557356566190719604e-02,-6.448013335466384888e-02,1.248947082785889506e-04,1.273178122937679291e-02
3.201666474342346191e-02,-5.998321995139122009e-02,6.562796235084533691e-02,-8.086077123880386353e-02,-3.349445387721061707e-02,-6.083617918193340302e-03,-2.295949310064315796e-02,-3.375175222754478455e-02,3.865778073668479919e-02,-1.088235229253768921e-01,2.771509066224098206e-02,-3.110517933964729309e-02,-3.819757327437400818e-02,8.422932028770446777e-02,-4.133932664990425110e-02,-8.268820494413375854e-02,-9.616158902645111084e-02,-5.443798378109931946e-02,-3.543591126799583435e-02,-1.055644731968641281e-02,9.837708622217178345e-02,-1.385025400668382645e-02,-7.400608062744140625e-02,2.546592615544795990e-02,-3.590469062328338623e-02,1.160635054111480713e-01,-9.467238932847976685e-02,-7.366752624511718750e-02,-8.616673201322555542e-02,5.334722250699996948e-02,-6.328867375850677490e-02,-9.907943755388259888e-02,-8.548590540885925293e-02,8.584208786487579346e-02,-2.240665070712566376e-02,3.661305084824562073e-02,2.701827138662338257e-02,4.919694736599922180e-02,6.136039644479751587e-02,-8.707920461893081665e-02,7.194668799638748169e-02,1.606691814959049225e-02,2.858240157365798950e-02,6.123135238885879517e-02,7.794537395238876343e-02,3.812603279948234558e-02,-2.266809158027172089e-02,-4.245099425315856934e-02,-5.299902334809303284e-02,-2.053444460034370422e-02,9.230594336986541748e-02,-7.387016713619232178e-02,7.552257180213928223e-02,-7.798933889716863632e-03,8.307484537363052368e-02,-6.142378225922584534e-02,4.442194849252700806e-02,1.030384376645088196e-02,-1.303843129426240921e-02,-5.822454020380973816e-02,2.138355188071727753e-02,6.274101883172988892e-02,-2.002418972551822662e-02,-1.292046438902616501e-02,-4.180590808391571045e-02,1.052441745996475220e-01,6.598846614360809326e-02,-3.184374049305915833e-02,-8.061303198337554932e-02,3.116891719400882721e-03,1.077983751893043518e-01,2.714396081864833832e-02,-2.905393764376640320e-02,-8.882290683686733246e-03,-1.105860173702239990e-01,1.607269630767405033e-03,9.883406758308410645e-02,-3.885838761925697327e-02,-5.650576949119567871e-02,-9.739714115858078003e-02,-6.048808246850967407e-02,1.913204044103622437e-02,7.166016101837158203e-02,-5.716116726398468018e-02,7.847445085644721985e-03,1.708623208105564117e-02,-4.968139156699180603e-02,-3.638309892266988754e-03,-5.775364115834236145e-02,-2.259658277034759521e-02,-4.302090033888816833e-02,8.877062052488327026e-02,2.331711910665035248e-02,1.507284119725227356e-02,4.136060550808906555e-02,-5.543059110641479492e-02
-9.064178168773651123e-02,1.384178525768220425e-03,-9.121032059192657471e-02,-4.014759138226509094e-02,6.316986680030822754e-02,-1.018747687339782715e-02,5.272288341075181961e-03,-7.254914194345474243e-02,7.153149694204330444e-02,4.548273235559463501e-02,-1.150501985102891922e-02,-7.714382559061050415e-02,-6.195912510156631470e-02,9.737607836723327637e-02,-2.251071855425834656e-03,1.421391870826482773e-02,-2.772025577723979950e-02,-8.485105820000171661e-03,-5.329056829214096069e-02,3.089514188468456268e-02,-6.523816287517547607e-02,3.903269022703170776e-02,-5.288918688893318176e-02,7.278861850500106812e-02,4.853155091404914856e-02,-3.157137706875801086e-02,6.998997926712036133e-02,-5.397216603159904480e-02,8.564815670251846313e-02,8.520082384347915649e-02,1.637332513928413391e-02,3.942729532718658447e-02,3.941735625267028809e-02,-9.911848604679107666e-02,5.836289003491401672e-02,-3.668770939111709595e-02,-9.509990364313125610e-02,8.534298837184906006e-02,-9.208054840564727783e-02,6.286790966987609863e-02,-1.825671643018722534e-02,7.859395444393157959e-02,1.015754416584968567e-01,-9.099733084440231323e-02,7.597077637910842896e-02,-2.542361058294773102e-02,7.775322347879409790e-02,-6.377395987510681152e-02,-9.048656374216079712e-02,9.280904196202754974e-03,-7.882811129093170166e-02,6.609584670513868332e-03,2.249713800847530365e-02,7.350114732980728149e-02,-6.507619284093379974e-03,5.030302330851554871e-02,7.176402956247329712e-02,-9.485975652933120728e-02,-6.348272413015365601e-02,-8.670157194137573242e-02,8.285144716501235962e-02,1.031889859586954117e-02,-5.815937742590904236e-02,2.561684465035796165e-03,-3.996585682034492493e-02,-5.116200074553489685e-02,6.085328385233879089e-02,7.138391584157943726e-02,-3.901477903127670288e-03,-7.379626482725143433e-02,9.115123003721237183e-02,3.033336810767650604e-02,8.352642506361007690e-02,-7.469613105058670044e-02,8.572386577725410461e-03,5.260900780558586121e-02,8.249358087778091431e-02,-6.860879063606262207e-02,-6.254193931818008423e-02,-1.010115742683410645e-01,-2.078377641737461090e-02,2.492562681436538696e-02,4.218858852982521057e-02,-1.063573546707630157e-02,1.282795891165733337e-02,-1.056503225117921829e-02,4.620399698615074158e-02,-9.726444631814956665e-02,4.614648967981338501e-02,-3.234010189771652222e-02,-5.705848336219787598e-03,-7.728558033704757690e-02,-5.447952076792716980e-02,9.441325813531875610e-02,-1.271139923483133316e-02,-8.787252008914947510e-02
6.938678771257400513e-02,1.108004301786422729e-01,8.970203995704650879e-02,-8.599983900785446167e-02,-3.073123842477798462e-02,9.059716761112213135e-02,4.339380934834480286e-02,-1.073145046830177307e-01,8.413865417242050171e-02,-4.155309870839118958e-02,-2.624930813908576965e-02,-3.662477806210517883e-02,-5.857111141085624695e-02,6.067134812474250793e-02,2.224619314074516296e-02,8.571244776248931885e-02,-6.748154014348983765e-02,9.077209234237670898e-02,-9.028725326061248779e-02,5.599719658493995667e-02,7.859618961811065674e-02,-5.103150755167007446e-02,-2.512952871620655060e-02,1.035858690738677979e-01,-2.385937608778476715e-02,-8.964060246944427490e-02,-6.349718570709228516e-02,8.633269369602203369e-02,-3.215026110410690308e-02,-9.137781709432601929e-02,2.768778800964355469e-02,3.701196238398551941e-02,7.404964417219161987e-02,-7.935827597975730896e-04,5.740843713283538818e-02,-1.001235563308000565e-02,7.861056178808212280e-02,3.226685151457786560e-02,-2.490443922579288483e-02,7.732032984495162964e-02,9.620112180709838867e-02,-1.765809021890163422e-02,-4.605379328131675720e-02,6.396050751209259033e-02,5.568605288863182068e-02,5.223160143941640854e-03,9.837749600410461426e-02,-1.919481158256530762e-02,-8.519147336483001709e-02,-1.004120856523513794e-01,5.283894389867782593e-02,-9.366473555564880371e-02,1.010478362441062927e-01,4.931496828794479370e-02,-5.486807227134704590e-02,-8.225894719362258911e-02,9.920950233936309814e-02,7.293328642845153809e-02,-1.223943904042243958e-01,-6.602336466312408447e-02,6.152002513408660889e-02,-6.911632418632507324e-02,2.473484911024570465e-02,-7.056139409542083740e-02,-8.429612964391708374e-02,-4.353051632642745972e-02,3.967548906803131104e-02,-2.461327984929084778e-02,1.783911697566509247e-02,-5.396201461553573608e-02,-2.083149924874305725e-02,-8.006497472524642944e-02,4.556532949209213257e-02,-1.643791981041431427e-02,8.231273386627435684e-04,4.588157683610916138e-02,7.088728249073028564e-02,-6.630442291498184204e-02,2.697600424289703369e-02,-6.539520621299743652e-02,1.813757233321666718e-02,1.711959950625896454e-02,2.989184297621250153e-02,5.137613043189048767e-02,-1.007284503430128098e-02,-5.367168784141540527e-02,-2.460439875721931458e-02,-1.393603160977363586e-02,-7.503522932529449463e-02,7.366605848073959351e-02,7.778690755367279053e-02,8.109840005636215210e-02,-4.990343749523162842e-02,-6.310191750526428223e-02,-3.384125977754592896e-02,3.266507759690284729e-02
6.822010502219200134e-03,-7.132320106029510498e-02,-1.688352786004543304e-02,6.292681209743022919e-03,-5.957453977316617966e-03,-5.934342369437217712e-02,-7.245017588138580322e-02,-5.766986683011054993e-02,-1.677378453314304352e-02,-1.382446195930242538e-02,-5.372275784611701965e-02,-7.250497490167617798e-02,-3.470930829644203186e-02,8.259405940771102905e-02,9.034774452447891235e-02,-9.735615551471710205e-02,-6.455694884061813354e-02,8.299335092306137085e-02,6.553120911121368408e-02,-8.931647986173629761e-02,-5.319583788514137268e-02,-6.180623173713684082e-02,-6.284006405621767044e-03,-1.007486879825592041e-01,5.170437321066856384e-02,-9.517165273427963257e-02,-2.925049327313899994e-02,-3.601086512207984924e-02,1.132936477661132812e-01,-2.980744093656539917e-02,-2.569196559488773346e-02,3.158060833811759949e-02,-3.084257058799266815e-02,4.655581340193748474e-02,-2.814134396612644196e-02,-2.969820611178874969e-02,1.660635112784802914e-03,2.550294809043407440e-02,8.003615587949752808e-02,-2.123183757066726685e-02,-6.417262554168701172e-02,-8.431416354142129421e-04,-2.636587619781494141e-02,-4.486625641584396362e-02,6.611897051334381104e-02,8.943025767803192139e-02,1.386196166276931763e-02,-8.295159041881561279e-02,-4.408260807394981384e-02,9.373749792575836182e-02,3.155628591775894165e-02,-4.381521418690681458e-02,3.043057769536972046e-02,-1.006166636943817139e-01,-7.112602144479751587e-02,9.629778563976287842e-03,9.328163228929042816e-03,1.068800687789916992e-02,-1.775933988392353058e-02,-3.976828604936599731e-02,-2.639089711010456085e-02,-9.533854573965072632e-02,-3.392861038446426392e-02,8.161456882953643799e-02,8.049067854881286621e-02,-3.440757468342781067e-02,-3.207482025027275085e-02,2.018788130953907967e-03,4.654066264629364014e-02,9.237492829561233521e-02,7.788956910371780396e-02,9.624739736318588257e-02,4.622528702020645142e-02,-7.737545669078826904e-02,-5.560277774930000305e-02,-2.221037261188030243e-02,1.194349769502878189e-02,9.422282874584197998e-02,5.390863865613937378e-02,-5.080845952033996582e-02,4.505044221878051758e-02,1.662098243832588196e-02,8.667938411235809326e-02,2.422034740447998047e-02,4.168918356299400330e-02,1.298048440366983414e-02,-7.398413866758346558e-02,-2.536559849977493286e-02,-4.403629340231418610e-03,-8.381026983261108398e-02,6.038996949791908264e-02,-2.484508790075778961e-02,1.730368100106716156e-02,6.771800667047500610e-02,-5.552852898836135864e-02,1.623407192528247833e-02
6.293027848005294800e-02,3.205961361527442932e-02,7.697332650423049927e-02,4.846785217523574829e-02,-9.203539043664932251e-02,6.792917102575302124e-02,5.822072923183441162e-02,-1.067534312605857849e-01,-9.677019715309143066e-02,7.258051633834838867e-02,-2.616142109036445618e-02,5.438913125544786453e-03,6.685011088848114014e-02,-1.096891146153211594e-02,4.846661165356636047e-02,-6.939332466572523117e-03,-9.098621085286140442e-03,5.683490075170993805e-03,2.431373111903667450e-02,-5.542898923158645630e-02,-8.977822214365005493e-02,-8.995333919301629066e-04,-3.570600226521492004e-02,-9.907016903162002563e-02,-1.020299866795539856e-01,-6.123555079102516174e-02,-8.684183657169342041e-02,-5.584882572293281555e-02,-2.916717715561389923e-02,6.723303347826004028e-02,-3.284786269068717957e-02,-9.511131048202514648e-02,7.995468564331531525e-03,-7.509638369083404541e-02,2.015065401792526245e-02,9.545481950044631958e-02,-9.153479337692260742e-02,8.427269756793975830e-02,2.073791623115539551e-02,7.827197760343551636e-02,-1.022883728146553040e-01,-7.996504753828048706e-02,-2.075254358351230621e-02,-5.123838037252426147e-02,-1.105842068791389465e-01,-5.277691781520843506e-02,-1.058139055967330933e-01,-1.040314286947250366e-01,-7.289791107177734375e-02,-7.658789306879043579e-02,-9.039541706442832947e-03,7.762756198644638062e-02,7.848818600177764893e-02,-1.333463354967534542e-03,-1.045606797561049461e-03,5.799767002463340759e-02,-2.699872665107250214e-02,-8.415832370519638062e-02,2.334060519933700562e-02,-9.300374239683151245e-02,-5.189646407961845398e-02,6.148169934749603271e-02,-8.867346681654453278e-03,-6.191433966159820557e-02,-8.921496570110321045e-02,-2.656163275241851807e-02,-6.948602944612503052e-02,-5.008220672607421875e-02,4.786943271756172180e-02,-9.233212471008300781e-02,-3.091795183718204498e-02,7.380317896604537964e-02,-2.730245515704154968e-02,5.969472602009773254e-02,4.337726160883903503e-02,-8.804081380367279053e-02,5.713645741343498230e-02,5.278865247964859009e-02,-1.200152412056922913e-01,7.497218251228332520e-02,-4.106483235955238342e-02,3.508298471570014954e-02,3.495898470282554626e-02,-8.353157341480255127e-02,-6.441189348697662354e-02,2.567551098763942719e-02,-7.513602823019027710e-02,-4.237706959247589111e-02,-3.763631731271743774e-02,-1.094894781708717346e-01,-3.603910654783248901e-02,-6.310899555683135986e-02,9.078429639339447021e-02,-6.665855646133422852e-02,-3.095601312816143036e-02,6.469890475273132324e-02
2.657445333898067474e-02,4.730280488729476929e-02,-3.725544363260269165e-02,1.226752065122127533e-02,4.938114434480667114e-02,-8.760415017604827881e-02,-3.478025272488594055e-02,-2.879777364432811737e-02,1.567646116018295288e-02,9.202616661787033081e-02,-7.044907659292221069e-02,2.791883423924446106e-02,2.776556462049484253e-02,4.300512373447418213e-02,2.192332409322261810e-02,1.930821104906499386e-03,-5.171423032879829407e-02,3.573151305317878723e-02,-5.392020195722579956e-02,3.753043338656425476e-02,-8.775634318590164185e-02,-2.103381790220737457e-02,9.623099118471145630e-02,-7.730740308761596680e-02,-5.703780427575111389e-02,-6.783036142587661743e-02,7.480525225400924683e-02,-6.953399628400802612e-02,9.867908805608749390e-02,4.443976283073425293e-02,4.174977913498878479e-02,-1.253840513527393341e-02,-1.220662984997034073e-02,5.749998986721038818e-02,4.815890640020370483e-02,2.593540214002132416e-02,5.611301958560943604e-02,-2.565818279981613159e-02,1.204326897859573364e-01,-6.574142724275588989e-02,3.050164505839347839e-02,9.233773499727249146e-02,8.902378380298614502e-02,-5.776674300432205200e-02,6.199170369654893875e-03,2.843831479549407959e-02,8.241654187440872192e-02,-6.796630471944808960e-02,-5.224220827221870422e-02,-9.320103377103805542e-02,-7.263493724167346954e-03,6.006049737334251404e-02,-6.910653412342071533e-02,-6.846396625041961670e-02,-7.292822003364562988e-02,5.218701809644699097e-02,5.831765010952949524e-02,6.555641442537307739e-02,-4.422967135906219482e-02,3.740761801600456238e-02,-3.398451209068298340e-02,-3.273856267333030701e-02,5.425823852419853210e-02,7.017575949430465698e-02,4.291911423206329346e-02,-4.235170409083366394e-02,3.628135845065116882e-02,2.890107687562704086e-03,-6.756401062011718750e-02,-9.295107424259185791e-02,-7.749999314546585083e-02,8.359214663505554199e-02,7.577640563249588013e-02,4.485359787940979004e-02,1.059408336877822876e-01,-6.142566725611686707e-02,-3.760657832026481628e-02,-1.630662009119987488e-02,1.024984475225210190e-02,5.534221604466438293e-02,-9.832368046045303345e-02,6.105714663863182068e-02,-3.167602466419339180e-03,-7.000429183244705200e-02,1.667501521296799183e-03,-9.234460443258285522e-02,-3.672533854842185974e-02,7.218618690967559814e-02,-4.240735620260238647e-02,1.108024418354034424e-01,2.340182475745677948e-02,2.087486162781715393e-02,5.548235401511192322e-02,5.785441771149635315e-02,-5.439271032810211182e-02,-3.915536776185035706e-02
-4.236578941345214844e-02,2.442532591521739960e-02,7.320334762334823608e-02,-8.928986638784408569e-02,-1.822525635361671448e-03,7.370184361934661865e-02,9.269793331623077393e-02,4.704901203513145447e-02,-5.464598536491394043e-02,3.926692903041839600e-02,-1.153614930808544159e-02,8.947420865297317505e-02,3.533925488591194153e-02,8.727464824914932251e-02,-5.418870225548744202e-02,-6.293649971485137939e-02,8.867611736059188843e-02,9.868949651718139648e-02,1.821641623973846436e-02,4.733792040497064590e-03,3.621781989932060242e-02,-9.328668005764484406e-03,2.268701232969760895e-02,-1.079271547496318817e-02,-3.264647722244262695e-02,1.390154212713241577e-01,1.008796840906143188e-01,-8.860182762145996094e-02,-4.388513043522834778e-02,3.332583606243133545e-02,6.047694757580757141e-02,9.895873256027698517e-03,-5.049119889736175537e-02,-6.356357783079147339e-02,-9.316363185644149780e-02,-1.254506036639213562e-02,9.382356703281402588e-02,4.267833661288022995e-03,1.128901839256286621e-01,-5.205678194761276245e-02,-5.012944713234901428e-02,6.566040217876434326e-02,-2.292660623788833618e-02,8.039350807666778564e-02,8.750560879707336426e-02,6.369918584823608398e-02,5.777680128812789917e-02,9.652636200189590454e-02,-5.837968736886978149e-02,2.127376571297645569e-02,5.257940292358398438e-02,-1.132305618375539780e-02,9.699485450983047485e-02,1.013400927186012268e-01,-5.834950506687164307e-02,5.504768714308738708e-02,9.586061537265777588e-02,5.046755075454711914e-02,3.434661775827407837e-03,-7.998914271593093872e-02,2.681700885295867920e-02,6.063354387879371643e-02,-8.963889628648757935e-02,-1.019641458988189697e-01,3.499914705753326416e-02,4.220101051032543182e-03,-8.829245343804359436e-03,9.808339923620223999e-02,3.452181443572044373e-02,-1.073882449418306351e-02,-5.819166079163551331e-02,-2.664279006421566010e-02,5.813508480787277222e-02,-6.376191228628158569e-02,7.810898125171661377e-02,-6.934595853090286255e-02,-4.085177183151245117e-02,1.699008345603942871e-01,5.505888164043426514e-02,9.457512199878692627e-02,-9.327097982168197632e-02,7.804095000028610229e-02,1.169061511754989624e-01,-2.980142273008823395e-02,3.577400743961334229e-02,8.334246277809143066e-02,8.541303686797618866e-03,5.113964155316352844e-02,-5.773949250578880310e-02,-1.285469718277454376e-02,5.133335292339324951e-02,8.723773062229156494e-02,-4.388997331261634827e-02,-7.937280833721160889e-02,-5.238001700490713120e-03,3.882631193846464157e-03
8.602066896855831146e-03,5.225586146116256714e-02,-5.133570730686187744e-02,6.085121631622314453e-02,-4.091317206621170044e-02,3.009563498198986053e-02,1.251453999429941177e-02,5.011086910963058472e-02,7.859858125448226929e-02,-1.366614252328872681e-01,-9.856773540377616882e-03,3.626583144068717957e-02,-7.372088730335235596e-02,-7.740334421396255493e-02,4.384219646453857422e-02,-7.169653475284576416e-02,1.735736615955829620e-02,-4.546862840652465820e-02,-7.073801755905151367e-02,9.534931182861328125e-02,7.599569112062454224e-02,5.446233227849006653e-02,-1.098105907440185547e-01,7.085990160703659058e-02,-6.993062794208526611e-02,-3.818913176655769348e-02,9.880676865577697754e-03,-6.903004646301269531e-02,3.525222837924957275e-02,-9.107363224029541016e-02,4.387701395899057388e-03,3.292076289653778076e-02,1.009826082736253738e-02,-5.439649149775505066e-02,-8.579784631729125977e-02,4.590772464871406555e-02,-3.379870951175689697e-02,5.722279474139213562e-02,-3.081085160374641418e-02,1.666445285081863403e-02,4.277029260993003845e-02,-1.249010339379310608e-01,6.080395542085170746e-03,8.386957645416259766e-02,8.556822687387466431e-02,2.249941229820251465e-02,1.835909858345985413e-02,8.502621948719024658e-02,3.541814908385276794e-02,4.426889494061470032e-02,-9.873072803020477295e-02,8.587243966758251190e-03,4.273586347699165344e-02,-4.609826207160949707e-02,-8.475105464458465576e-02,2.474221866577863693e-03,-8.488904684782028198e-03,9.665355831384658813e-02,3.458345681428909302e-02,-1.667192392051219940e-02,6.935579329729080200e-02,2.575519308447837830e-02,-2.530597709119319916e-02,6.211270391941070557e-02,4.515827447175979614e-02,6.581453979015350342e-02,6.523907184600830078e-02,6.013083085417747498e-02,-4.630765877664089203e-03,-2.715954184532165527e-02,-8.060181885957717896e-02,-6.297276169061660767e-02,-7.664927840232849121e-02,-1.166159436106681824e-01,5.414931103587150574e-02,8.503603190183639526e-02,-2.351702749729156494e-02,-4.604321345686912537e-02,-8.715231716632843018e-02,7.860784977674484253e-02,-4.008758068084716797e-02,-8.112802356481552124e-02,5.479504540562629700e-02,-8.386254310607910156e-02,3.029797924682497978e-03,6.916383747011423111e-03,6.904597580432891846e-02,-9.166733920574188232e-02,1.041736975312232971e-01,4.816630110144615173e-02,-7.631770335137844086e-03,-9.082814306020736694e-02,-1.014268845319747925e-01,-3.991317749023437500e-02,-9.087424725294113159e-02,-9.128418564796447754e-02
-7.619106769561767578e-02,3.742017084732651711e-03,-8.513873070478439331e-02,-1.616501063108444214e-02,7.298338226974010468e-03,2.372686564922332764e-02,-9.136142581701278687e-02,-1.404417399317026138e-02,-1.055361628532409668e-01,-9.569942951202392578e-02,1.362082641571760178e-02,-2.992517873644828796e-02,6.966688483953475952e-02,-4.583709686994552612e-02,-2.810604311525821686e-02,3.869005944579839706e-03,-6.911368668079376221e-02,1.859531737864017487e-02,-6.091143190860748291e-02,-6.565542519092559814e-02,7.023001462221145630e-02,-2.211146056652069092e-03,-4.994573444128036499e-02,4.968160018324851990e-02,4.827348981052637100e-03,7.502221316099166870e-02,-5.644437670707702637e-02,-6.658055633306503296e-02,-7.137323729693889618e-03,7.590216398239135742e-02,-7.406739890575408936e-02,-1.242549810558557510e-02,7.596036791801452637e-02,8.566763135604560375e-04,-7.396625727415084839e-02,-7.380081713199615479e-02,-4.559681937098503113e-02,8.741828799247741699e-02,-6.296826899051666260e-02,7.532477378845214844e-02,8.351326733827590942e-02,9.277969598770141602e-02,-1.186793204396963120e-02,-2.175600267946720123e-02,-9.293085336685180664e-02,-6.448472291231155396e-02,-8.651856333017349243e-02,5.097483843564987183e-02,9.238792210817337036e-02,9.237861633300781250e-02,-1.217237114906311035e-02,-6.980431824922561646e-02,4.667240381240844727e-02,-8.035961538553237915e-02,5.463519692420959473e-02,-3.985757473856210709e-03,-5.123594775795936584e-02,-5.343198776245117188e-02,-5.719164758920669556e-02,-2.572208642959594727e-03,4.050631821155548096e-02,7.128208130598068237e-02,-4.376244544982910156e-02,9.017090499401092529e-02,7.967150211334228516e-02,-5.597658082842826843e-02,5.419327318668365479e-02,1.921968907117843628e-02,-2.056868560612201691e-02,-4.226612672209739685e-02,-6.979374587535858154e-02,-1.411001011729240417e-02,7.726036757230758667e-02,-1.036317422986030579e-01,-8.646474778652191162e-02,6.743115838617086411e-03,-9.939885884523391724e-02,-5.784712359309196472e-02,-6.356600672006607056e-02,5.384181067347526550e-02,-6.284237653017044067e-02,4.079293832182884216e-02,7.191483676433563232e-02,-5.280489102005958557e-02,-3.582246601581573486e-02,-6.799407303333282471e-02,-1.068131253123283386e-01,4.101325944066047668e-02,-9.981052577495574951e-02,8.838032931089401245e-02,-3.970755264163017273e-03,-6.448397040367126465e-02,-3.636189922690391541e-02,9.083445370197296143e-02,-2.307533659040927887e-02,7.083960622549057007e-02
1.083253920078277588e-01,4.551063477993011475e-02,3.969878330826759338e-02,-2.925027348101139069e-02,-1.237937482073903084e-03,-9.637694805860519409e-02,-2.679187059402465820e-02,8.082505315542221069e-03,-1.507445424795150757e-02,-4.385688155889511108e-02,-8.593890815973281860e-02,5.188289796933531761e-04,7.641845196485519409e-02,-3.288789093494415283e-02,5.949699506163597107e-02,-1.409737579524517059e-02,-2.807268872857093811e-02,-4.344702139496803284e-02,-8.428012579679489136e-02,-4.866882041096687317e-02,-2.613745070993900299e-02,5.010187160223722458e-03,-9.952960908412933350e-02,-8.911626785993576050e-02,9.920851141214370728e-02,-7.571668177843093872e-02,-1.027497500181198120e-01,1.286508049815893173e-02,-8.121476322412490845e-02,-9.080705791711807251e-02,4.152608662843704224e-02,7.958713918924331665e-02,-5.184450745582580566e-02,5.256560444831848145e-02,7.917905598878860474e-02,4.617970809340476990e-02,2.322928607463836670e-02,1.270770281553268433e-02,-1.201068386435508728e-01,3.978409245610237122e-02,-1.349157001823186874e-02,-1.010427102446556091e-01,5.527598038315773010e-02,3.018729854375123978e-03,6.870407611131668091e-02,-3.080206550657749176e-02,-7.998004555702209473e-02,5.258483439683914185e-02,5.155185237526893616e-02,2.388955093920230865e-02,-1.467011682689189911e-02,5.305197834968566895e-02,6.510224193334579468e-02,2.074879407882690430e-02,-4.608422890305519104e-02,-1.140823960304260254e-02,-4.538083157967776060e-04,-5.064397118985652924e-03,6.976424157619476318e-02,-1.875163614749908447e-02,-2.139672324119601399e-05,8.773154579102993011e-03,-4.483545571565628052e-02,9.088067710399627686e-02,-9.192729741334915161e-02,-5.448776111006736755e-02,9.394073486328125000e-02,-2.209367416799068451e-02,1.770628429949283600e-02,8.953610435128211975e-03,7.144895195960998535e-02,1.006042286753654480e-01,-6.302524358034133911e-02,3.899808973073959351e-03,4.118437319993972778e-02,-8.825808018445968628e-02,6.057400256395339966e-02,8.838015794754028320e-02,-4.845549538731575012e-02,8.963897079229354858e-02,2.372661605477333069e-02,2.387279272079467773e-02,3.028159402310848236e-02,1.456244196742773056e-02,-5.901006981730461121e-02,6.785838305950164795e-02,2.041955664753913879e-02,-4.066951945424079895e-02,-2.113837562501430511e-02,-3.916191682219505310e-02,-6.362935155630111694e-02,-8.693020045757293701e-02,-3.653715923428535461e-02,3.179012238979339600e-02,3.324365615844726562e-02,-5.586469173431396484e-02
8.029653131961822510e-02,5.271982401609420776e-02,4.285741969943046570e-02,1.975614763796329498e-02,-2.347262203693389893e-02,2.222768589854240417e-02,-1.804633811116218567e-02,9.294544905424118042e-02,8.577994070947170258e-03,6.576934456825256348e-02,-1.891114376485347748e-02,-9.989261627197265625e-02,4.231426399201154709e-03,-9.288304299116134644e-02,8.207340538501739502e-02,2.035025134682655334e-02,6.107445433735847473e-02,7.426837086677551270e-02,4.133400321006774902e-02,-1.526487525552511215e-02,6.808952242136001587e-02,7.444339245557785034e-02,9.388307482004165649e-02,-4.997955262660980225e-02,-8.423938602209091187e-02,4.637213051319122314e-02,8.370092511177062988e-02,-5.771267414093017578e-02,2.797649800777435303e-02,3.877075016498565674e-02,-7.161019742488861084e-02,-6.686310470104217529e-02,1.055988892912864685e-01,4.894515872001647949e-02,2.966164052486419678e-02,-5.109748244285583496e-02,-5.534344911575317383e-02,-9.841714799404144287e-02,-6.367532163858413696e-02,6.894644349813461304e-02,3.585563600063323975e-02,-2.909765206277370453e-02,-1.054039504379034042e-02,-1.783448085188865662e-02,-9.991386532783508301e-02,-5.928771197795867920e-02,9.748878888785839081e-03,-8.128694444894790649e-02,-3.796366974711418152e-02,4.758712276816368103e-02,8.648082613945007324e-02,-7.915095984935760498e-02,1.472893804311752319e-01,-2.376275323331356049e-02,-9.986779093742370605e-02,-8.965916931629180908e-02,1.919024996459484100e-02,-1.724320463836193085e-02,8.981340564787387848e-03,-5.893233045935630798e-02,1.030347794294357300e-01,4.772138595581054688e-02,3.429573029279708862e-03,8.739548921585083008e-02,-6.367576122283935547e-02,-3.647133335471153259e-02,-2.402429096400737762e-02,-3.222184255719184875e-02,2.385488711297512054e-02,-5.094905197620391846e-02,7.939229160547256470e-02,-7.872418314218521118e-02,-3.816925734281539917e-02,6.158910319209098816e-02,-6.566774845123291016e-02,-6.728824973106384277e-02,-3.747774288058280945e-02,6.573892384767532349e-02,-4.884261637926101685e-02,8.186290413141250610e-02,8.005772531032562256e-02,-2.778719551861286163e-02,5.389685183763504028e-02,7.600190490484237671e-02,1.017277613282203674e-01,-5.156897380948066711e-02,-3.558241948485374451e-02,7.229044288396835327e-02,5.619397759437561035e-02,3.571316599845886230e-02,9.972198307514190674e-02,-4.582772031426429749e-02,-3.492573648691177368e-02,2.218843437731266022e-02,8.786160498857498169e-02,-2.317129261791706085e-02
-6.201128475368022919e-03,4.442009702324867249e-02,4.972251877188682556e-02,2.430140506476163864e-03,4.415431246161460876e-02,1.034719571471214294e-01,-7.897458225488662720e-02,7.935983687639236450e-02,3.717362135648727417e-02,1.021879985928535461e-01,2.378021925687789917e-02,-4.122913628816604614e-02,4.267457127571105957e-02,-5.940748378634452820e-03,1.474830508232116699e-02,-4.315650463104248047e-02,-7.806219160556793213e-02,-3.049373067915439606e-02,-9.760525077581405640e-03,-4.290918260812759399e-02,1.065107882022857666e-01,-1.648110337555408478e-02,9.737665951251983643e-02,2.893541567027568817e-02,-7.742124050855636597e-02,-8.589757233858108521e-02,-1.789069734513759613e-02,-4.620249383151531219e-03,3.154102014377713203e-03,5.431552603840827942e-02,7.769758254289627075e-02,-6.769898533821105957e-02,4.571067634969949722e-03,1.097539886832237244e-01,-4.420828539878129959e-03,-1.744304038584232330e-02,2.224326692521572113e-02,4.342172760516405106e-03,-5.918359849601984024e-03,-7.692388445138931274e-02,7.822302728891372681e-02,1.095156893134117126e-01,-8.289169520139694214e-02,-4.106589779257774353e-02,8.038408309221267700e-02,8.204823732376098633e-02,9.612861275672912598e-02,5.062573030591011047e-02,4.141992423683404922e-03,-4.722787067294120789e-02,4.668536409735679626e-02,-1.294777728617191315e-02,-3.991551324725151062e-02,-1.196138467639684677e-02,-7.990844547748565674e-02,8.521372079849243164e-02,-6.164151057600975037e-02,-3.226863220334053040e-02,4.396192729473114014e-02,7.875283807516098022e-02,7.060678303241729736e-02,-2.037879452109336853e-02,1.589175127446651459e-02,1.538467500358819962e-02,-8.062048256397247314e-02,4.325606301426887512e-02,3.270004875957965851e-03,-1.851508952677249908e-02,-3.050740994513034821e-02,-7.517071813344955444e-02,4.334663599729537964e-02,-6.468270719051361084e-02,1.107512116432189941e-01,1.297883875668048859e-02,6.908835470676422119e-02,-3.241823241114616394e-02,6.272953748703002930e-02,2.442841976881027222e-02,4.291028901934623718e-02,6.238952651619911194e-02,-6.965991854667663574e-02,-5.563089624047279358e-02,1.816375553607940674e-02,2.241106145083904266e-02,1.050108745694160461e-01,-3.770533576607704163e-02,1.047554705291986465e-02,9.162463247776031494e-02,1.695127785205841064e-02,-1.017069444060325623e-02,4.682094231247901917e-02,3.559495508670806885e-02,-5.484063923358917236e-02,-6.902276724576950073e-02,9.342072904109954834e-02,7.841890305280685425e-02
-4.271093383431434631e-02,4.896837472915649414e-02,4.156246036291122437e-02,1.715434715151786804e-02,2.706014178693294525e-02,1.619164540898054838e-04,2.695859223604202271e-02,-8.669219166040420532e-02,-9.427282214164733887e-02,-1.715265028178691864e-02,-5.028423666954040527e-02,-5.661541223526000977e-02,-5.184041708707809448e-02,-2.955322153866291046e-02,1.935113966464996338e-02,7.410011440515518188e-02,7.642692327499389648e-02,-7.913299649953842163e-02,-1.319849956780672073e-02,3.036149777472019196e-02,-1.003511548042297363e-01,-9.889461100101470947e-02,7.212770730257034302e-02,4.146901518106460571e-02,6.965153664350509644e-02,-1.440030708909034729e-02,8.919879049062728882e-02,-1.001968383789062500e-01,-1.020590811967849731e-01,6.861542165279388428e-02,3.646538034081459045e-02,8.562349528074264526e-02,5.248333327472209930e-03,7.185183465480804443e-02,-5.103391036391258240e-02,-8.576262742280960083e-02,6.407710164785385132e-02,-1.124392524361610413e-01,7.311022281646728516e-02,6.859078258275985718e-02,-1.210003718733787537e-02,-5.194165930151939392e-02,-5.105891451239585876e-02,-1.054640710353851318e-01,-6.633758544921875000e-02,1.108512282371520996e-02,-6.247376278042793274e-02,1.293296739459037781e-02,6.242575589567422867e-03,-2.933680266141891479e-02,-6.882306933403015137e-02,3.154220804572105408e-02,9.285249561071395874e-02,9.825804829597473145e-02,-8.994907885789871216e-02,3.534693270921707153e-02,-3.862210735678672791e-02,-8.324938826262950897e-03,-7.487481832504272461e-02,-8.121704310178756714e-02,-9.169639647006988525e-02,4.549772292375564575e-02,-3.045465983450412750e-02,3.265052661299705505e-02,9.052737057209014893e-02,-8.953403681516647339e-02,-1.970323547720909119e-02,1.043779216706752777e-02,-4.412698000669479370e-02,-3.614817187190055847e-02,-7.916224747896194458e-02,-4.068930447101593018e-02,3.140425251331180334e-04,-1.132367774844169617e-01,-2.987862378358840942e-02,5.598963424563407898e-02,-1.104396656155586243e-01,-8.086208999156951904e-02,-7.738589495420455933e-02,4.337295517325401306e-02,2.525477297604084015e-02,-8.232968300580978394e-02,-1.553781609982252121e-02,1.167508121579885483e-02,3.647419437766075134e-02,6.824270635843276978e-02,-5.915572866797447205e-02,1.498464215546846390e-02,1.612300984561443329e-02,-7.230158895254135132e-02,-5.305439606308937073e-02,8.022458851337432861e-02,2.613317593932151794e-02,1.336651016026735306e-02,-6.360798329114913940e-02,6.398826837539672852e-02
-2.985226362943649292e-02,-9.213225916028022766e-03,8.534655719995498657e-02,-3.965993598103523254e-02,-4.510901402682065964e-03,8.269995450973510742e-02,-6.966457515954971313e-02,-1.042094528675079346e-01,-7.724461704492568970e-02,6.597872823476791382e-03,4.789601638913154602e-02,-5.729700997471809387e-02,9.793337434530258179e-02,9.400910884141921997e-02,2.634222619235515594e-04,6.936889141798019409e-02,-1.483284682035446167e-02,1.471241712570190430e-01,4.680135473608970642e-02,-1.775678433477878571e-02,-8.898047357797622681e-02,-2.353026904165744781e-02,3.202158212661743164e-02,1.067625433206558228e-01,-8.507772535085678101e-02,3.764935582876205444e-02,-8.835410326719284058e-02,4.983809962868690491e-02,-9.844584763050079346e-02,6.391028314828872681e-02,6.109056621789932251e-02,-1.159205101430416107e-02,3.502086549997329712e-02,6.426497548818588257e-02,1.174037624150514603e-02,-5.867370218038558960e-02,-1.508425176143646240e-02,-9.198776632547378540e-02,-4.720624163746833801e-02,-9.095581620931625366e-02,4.270186647772789001e-02,4.323303326964378357e-02,-1.574908499605953693e-03,-2.575862407684326172e-02,-2.194201201200485229e-02,-1.094257906079292297e-01,-9.011555463075637817e-02,6.947729736566543579e-03,-8.985398709774017334e-02,-2.399263158440589905e-02,3.455172479152679443e-02,-7.916112244129180908e-02,-7.806394249200820923e-02,-5.489450320601463318e-02,-5.073264241218566895e-02,2.348052710294723511e-02,7.134307175874710083e-02,6.965856999158859253e-02,-6.924662739038467407e-02,-3.996518626809120178e-02,-8.028912544250488281e-02,9.687355160713195801e-02,5.105896666646003723e-02,-5.459098028950393200e-04,2.549855783581733704e-02,5.494621768593788147e-02,3.299309685826301575e-02,-5.127051472663879395e-02,4.979035630822181702e-02,3.273146972060203552e-02,-2.628639154136180878e-02,-8.418626338243484497e-02,3.324475511908531189e-02,-8.153429627418518066e-02,7.316961884498596191e-02,-8.278097957372665405e-03,1.135659590363502502e-01,-4.899987485259771347e-03,-9.867560118436813354e-02,8.981532603502273560e-02,-1.193524599075317383e-01,2.187442593276500702e-02,-7.206875830888748169e-02,-6.089169159531593323e-02,-6.884571909904479980e-02,1.055791601538658142e-01,-1.088894158601760864e-02,2.265412174165248871e-02,4.771468788385391235e-02,2.542617358267307281e-02,-7.566410303115844727e-02,-7.307814061641693115e-02,-2.661664597690105438e-02,7.419960200786590576e-02,3.472328931093215942e-02,-4.974429495632648468e-03
-2.086106874048709869e-02,7.795840501785278320e-02,-1.022178120911121368e-02,-2.642341703176498413e-02,-3.519457532092928886e-03,4.471927508711814880e-02,1.162747889757156372e-01,-9.432006627321243286e-02,3.008702956140041351e-02,1.089830920100212097e-01,8.887237869203090668e-03,-5.595621466636657715e-02,1.022860780358314514e-02,-4.971719812601804733e-03,-1.902939938008785248e-02,1.244717240333557129e-01,3.884822875261306763e-02,2.715902216732501984e-02,2.335867611691355705e-03,5.782021582126617432e-02,5.513436719775199890e-02,6.637025624513626099e-02,8.756791800260543823e-02,7.671357691287994385e-02,1.335275266319513321e-02,1.437546759843826294e-01,-4.653780907392501831e-02,2.322935266420245171e-03,1.079540848731994629e-01,-4.151530191302299500e-02,4.964505136013031006e-02,-5.637133494019508362e-02,-4.144835844635963440e-02,-4.339890182018280029e-02,8.093747496604919434e-02,-8.978617936372756958e-02,-5.654343217611312866e-02,-5.288413539528846741e-02,-9.240749478340148926e-02,2.238515578210353851e-02,6.594981998205184937e-02,-7.118956744670867920e-02,-3.123775683343410492e-02,1.258129067718982697e-02,-5.137250199913978577e-02,-1.138732954859733582e-01,2.652271278202533722e-02,-6.869219988584518433e-02,-7.910411059856414795e-02,8.301298320293426514e-02,6.257566064596176147e-02,-8.876255899667739868e-02,2.081973664462566376e-02,4.864750057458877563e-02,9.842668659985065460e-03,3.283489495515823364e-02,2.388632297515869141e-02,1.068448647856712341e-01,-1.532807480543851852e-02,1.035483032464981079e-01,1.023811325430870056e-01,-5.891111865639686584e-02,-8.641613647341728210e-03,-3.037401102483272552e-02,-9.141833521425724030e-03,3.932826220989227295e-02,-4.374634101986885071e-02,9.800321608781814575e-02,6.845735758543014526e-02,1.585995405912399292e-02,5.307815223932266235e-02,-7.421645522117614746e-02,-6.525427848100662231e-02,1.039729118347167969e-01,-8.124754577875137329e-02,9.099535644054412842e-02,-3.383662179112434387e-02,5.420095100998878479e-02,3.446730971336364746e-02,1.196628063917160034e-01,1.141155585646629333e-01,2.793318033218383789e-02,3.082482889294624329e-02,1.294503360986709595e-01,-4.418304935097694397e-02,-6.490575522184371948e-02,-6.340207904577255249e-02,-7.833858579397201538e-02,9.769030660390853882e-02,-7.799868006259202957e-03,2.423631958663463593e-02,6.284704059362411499e-02,3.970811888575553894e-02,3.714318573474884033e-02,7.272111624479293823e-02,1.173720210790634155e-01
-1.416221261024475098e-01,-3.069625236093997955e-02,-4.728534817695617676e-02,-4.094396531581878662e-02,-2.388072945177555084e-02,-6.962770223617553711e-02,1.629782840609550476e-02,1.680148020386695862e-02,-2.977392822504043579e-02,-1.192567963153123856e-02,1.238730251789093018e-01,9.535578638315200806e-02,-4.425126314163208008e-02,9.306783974170684814e-02,7.673614472150802612e-02,-4.872270859777927399e-03,9.966424107551574707e-02,-8.205407857894897461e-02,5.312540382146835327e-02,5.586062371730804443e-02,4.015375673770904541e-02,-2.994137443602085114e-02,-7.629735767841339111e-02,-1.335138827562332153e-01,-7.602096349000930786e-02,-2.857265621423721313e-02,4.398256912827491760e-02,5.291043594479560852e-02,-6.252987682819366455e-02,-8.179874718189239502e-02,-3.154667094349861145e-02,3.516831248998641968e-02,-8.869590610265731812e-02,-5.743334814906120300e-02,7.470987737178802490e-02,3.879484161734580994e-02,-2.215841412544250488e-02,9.153705090284347534e-02,-4.284359142184257507e-02,8.348477631807327271e-02,-6.729204207658767700e-02,-6.821189820766448975e-02,-7.236348092555999756e-02,1.082087457180023193e-01,3.125315532088279724e-02,1.054193228483200073e-01,3.028905205428600311e-02,1.943198032677173615e-02,-2.455221675336360931e-02,-1.986004179343581200e-03,-5.905308201909065247e-02,5.000312626361846924e-02,-2.696202881634235382e-02,-8.384054899215698242e-02,-5.974106118083000183e-02,6.574399024248123169e-02,7.276638597249984741e-02,-6.720215827226638794e-02,3.049392439424991608e-02,2.908264286816120148e-02,-8.991535007953643799e-02,7.080952078104019165e-02,4.605420678853988647e-02,4.786698892712593079e-02,-4.608885850757360458e-03,-2.612638473510742188e-02,-3.802367299795150757e-02,-2.437134832143783569e-02,2.506066113710403442e-02,1.054909359663724899e-02,6.058070436120033264e-02,-5.770777165889739990e-02,7.833446562290191650e-02,-8.682928979396820068e-02,9.578118473291397095e-02,-2.683672681450843811e-02,3.018208779394626617e-03,-6.613086909055709839e-02,-5.465440452098846436e-02,-1.132393404841423035e-01,-4.722961410880088806e-02,2.857612445950508118e-02,5.583361536264419556e-02,-6.225519254803657532e-02,-3.538253158330917358e-02,-4.529686272144317627e-02,1.250196844339370728e-01,1.102821901440620422e-01,6.772912107408046722e-03,7.607874926179647446e-03,5.791745334863662720e-02,5.445940420031547546e-02,-2.594219520688056946e-02,5.216755717992782593e-02,-9.135612100362777710e-02,1.451407838612794876e-02
4.926942288875579834e-02,-6.664819270372390747e-02,6.793347001075744629e-02,6.097366288304328918e-02,-1.078397482633590698e-01,-7.296452671289443970e-02,4.533488303422927856e-02,6.317989528179168701e-02,-4.553116485476493835e-02,-4.757698159664869308e-03,2.514327131211757660e-02,1.035384312272071838e-01,-4.424773529171943665e-02,2.605449408292770386e-02,-2.686516754329204559e-02,2.020986191928386688e-02,-7.985531538724899292e-02,9.499424695968627930e-02,-3.452073410153388977e-02,3.387747798115015030e-03,3.086611069738864899e-02,1.752702333033084869e-02,-5.941502284258604050e-03,6.864753365516662598e-02,-1.341328490525484085e-02,8.530370891094207764e-02,1.926162093877792358e-02,1.279144827276468277e-02,2.717000618577003479e-02,-4.547661915421485901e-02,-5.894872173666954041e-02,5.466446280479431152e-02,-9.973451495170593262e-02,4.266180843114852905e-02,9.448590129613876343e-02,8.166824281215667725e-02,-7.097624242305755615e-02,5.250221490859985352e-02,7.204035669565200806e-02,-6.592113524675369263e-02,-3.631854429841041565e-02,-6.973408162593841553e-02,-7.702710106968879700e-03,-3.754585236310958862e-02,2.589450590312480927e-02,-1.734230667352676392e-02,-1.175293475389480591e-01,7.581598311662673950e-02,6.681692600250244141e-02,-1.032097917050123215e-02,4.932061955332756042e-02,3.690074011683464050e-02,9.813242405652999878e-02,7.040702272206544876e-03,6.503688544034957886e-02,-6.296888738870620728e-02,-1.399337593466043472e-02,-3.129993006587028503e-02,9.109231084585189819e-02,-2.388206124305725098e-02,-1.137562692165374756e-01,9.500167518854141235e-02,9.301257668994367123e-04,-6.741535384207963943e-03,3.783394815400242805e-03,1.753140613436698914e-02,-6.014931946992874146e-02,-1.707351580262184143e-02,4.613820835947990417e-02,6.816730648279190063e-02,-1.001012101769447327e-01,4.392754659056663513e-02,2.606393536552786827e-03,-5.586820095777511597e-02,6.087816879153251648e-02,1.357464399188756943e-02,-3.427778184413909912e-02,8.348903059959411621e-02,-1.024692580103874207e-01,-3.422252088785171509e-02,-5.995767936110496521e-02,-4.724253714084625244e-02,-8.021237701177597046e-02,8.103201538324356079e-02,-1.083593145012855530e-01,-9.184409864246845245e-03,7.495260069845244288e-05,-1.073034107685089111e-01,2.171232923865318298e-02,-2.389039285480976105e-02,2.274067513644695282e-02,5.852604284882545471e-02,2.297177352011203766e-02,8.361574262380599976e-02,4.816287383437156677e-02,-9.160222113132476807e-02
7.443447597324848175e-03,-8.529680222272872925e-02,-2.655320335179567337e-03,9.293653815984725952e-02,6.141653284430503845e-02,1.604169228812679648e-04,-9.921516478061676025e-02,4.305815696716308594e-02,2.510076621547341347e-03,-1.419349666684865952e-02,-2.437362913042306900e-03,7.523632794618606567e-02,-1.889375597238540649e-02,-1.034167557954788208e-01,1.125343590974807739e-01,-7.050156593322753906e-02,-7.115618884563446045e-02,4.041804000735282898e-03,-6.867182999849319458e-02,-1.380837056785821915e-03,1.027118321508169174e-02,5.713550746440887451e-02,-7.126432657241821289e-02,1.197198871523141861e-02,-6.986495107412338257e-02,8.460101485252380371e-02,2.578768320381641388e-02,-4.818499088287353516e-02,-5.493689328432083130e-02,-5.779399350285530090e-02,-3.534813970327377319e-02,3.333201631903648376e-02,-7.916731387376785278e-02,-2.482195012271404266e-02,-1.260445825755596161e-02,-2.556874044239521027e-02,5.492979660630226135e-03,5.494853481650352478e-02,-3.512308001518249512e-02,-7.379914075136184692e-02,1.429795194417238235e-02,-2.579985186457633972e-02,-4.457554221153259277e-02,1.051096841692924500e-01,-2.495714835822582245e-02,3.345818817615509033e-02,-4.642297700047492981e-02,1.342278160154819489e-02,-5.279542878270149231e-02,-5.720002949237823486e-02,6.791654974222183228e-02,5.738177523016929626e-02,2.977430261671543121e-02,1.908710785210132599e-02,5.541268736124038696e-02,3.089423105120658875e-02,-9.897796064615249634e-02,9.690832346677780151e-02,-2.130356244742870331e-02,5.089256167411804199e-02,-1.894480362534523010e-02,5.979412794113159180e-02,-3.526008874177932739e-02,-8.970824629068374634e-02,-1.021965518593788147e-01,1.020405441522598267e-02,-6.215861067175865173e-02,8.272254467010498047e-02,8.755636215209960938e-02,3.665864467620849609e-02,5.780187994241714478e-02,2.053337404504418373e-03,-1.056139320135116577e-01,-1.629551989026367664e-03,-1.306848824024200439e-01,-8.362333476543426514e-02,6.628061085939407349e-02,-6.346309185028076172e-02,7.451743632555007935e-02,-4.194076359272003174e-02,1.142005771398544312e-01,9.168335795402526855e-02,-3.130771964788436890e-02,5.756442621350288391e-02,3.090663580223917961e-03,-1.018877886235713959e-02,-2.715604938566684723e-02,4.046273604035377502e-02,5.912682972848415375e-04,-5.016689747571945190e-02,-9.900048375129699707e-02,5.360621213912963867e-02,-6.103572249412536621e-02,8.716419339179992676e-03,-9.850721806287765503e-02,4.115603119134902954e-02
8.745554834604263306e-02,8.772946894168853760e-02,-9.856403619050979614e-02,2.519307658076286316e-02,-5.072509404271841049e-03,-6.254581362009048462e-02,-9.807999432086944580e-02,1.940458826720714569e-02,-4.414987936615943909e-02,-5.219466611742973328e-02,1.154880411922931671e-02,-1.171076148748397827e-01,6.351135671138763428e-02,-1.025793477892875671e-01,-8.640667051076889038e-02,-6.331970542669296265e-02,-5.004325509071350098e-02,3.517910465598106384e-02,-2.870447188615798950e-02,-2.838296815752983093e-02,-7.605169713497161865e-02,-1.239740103483200073e-01,-2.771529369056224823e-02,-2.868977561593055725e-02,-5.225354060530662537e-02,6.799659878015518188e-02,-7.732073217630386353e-02,-9.084662050008773804e-02,1.115729659795761108e-02,-8.230397105216979980e-02,1.651055365800857544e-02,-1.832817122340202332e-02,6.850373744964599609e-02,3.697397932410240173e-02,-2.857855893671512604e-02,-1.593668758869171143e-02,-6.800220906734466553e-02,-2.382202446460723877e-02,-8.405165374279022217e-02,8.872473984956741333e-02,2.647940441966056824e-02,-5.269489064812660217e-02,-7.103840261697769165e-02,5.506572127342224121e-02,4.156073555350303650e-03,5.252143740653991699e-02,5.880378652364015579e-03,-1.030655726790428162e-01,6.133066490292549133e-02,-4.056515172123908997e-03,3.897886350750923157e-02,-5.848181620240211487e-02,-5.696992576122283936e-02,-5.269123986363410950e-02,3.636229783296585083e-02,1.576095935888588428e-03,-8.223246037960052490e-02,-6.832493096590042114e-02,-4.992655292153358459e-02,9.286671876907348633e-03,-1.526727341115474701e-02,-1.757857389748096466e-02,-1.077641099691390991e-01,-3.823069483041763306e-02,6.855134852230548859e-03,-3.667922690510749817e-02,-5.416242405772209167e-02,-6.792590487748384476e-03,-3.855948522686958313e-02,7.032563537359237671e-02,-3.252995386719703674e-02,4.480734467506408691e-02,-4.540683329105377197e-02,8.857402950525283813e-02,-3.329301252961158752e-02,-1.120525300502777100e-01,3.411323530599474907e-03,7.798215001821517944e-02,4.474196210503578186e-02,4.313243180513381958e-02,-4.546309355646371841e-03,5.958277732133865356e-02,-6.529495865106582642e-02,2.692605555057525635e-02,-2.828107774257659912e-02,-1.065344735980033875e-02,-3.549493104219436646e-02,-7.693794369697570801e-02,7.653498649597167969e-02,-1.005646064877510071e-01,-2.427092008292675018e-02,-1.235185307450592518e-03,5.546727776527404785e-02,4.332809895277023315e-02,-2.248358353972434998e-02,-4.975465312600135803e-02
-7.302848249673843384e-02,-9.252464026212692261e-02,-9.061160683631896973e-02,-3.274004906415939331e-02,3.766875341534614563e-02,-2.319121360778808594e-02,3.016196563839912415e-02,-6.106493622064590454e-02,-6.545760482549667358e-02,-8.688577264547348022e-02,-6.856414675712585449e-02,-1.515364740043878555e-02,-5.385619401931762695e-02,-5.554068088531494141e-02,-4.334776476025581360e-02,-1.033767983317375183e-01,-1.278143376111984253e-02,-7.883209735155105591e-03,-8.914646506309509277e-02,7.915595173835754395e-02,5.500490963459014893e-02,7.786343991756439209e-02,2.919600345194339752e-02,5.876894295215606689e-02,-8.844243735074996948e-02,-8.295317739248275757e-02,-2.969600260257720947e-02,-3.936545923352241516e-02,2.462411858141422272e-02,2.590927062556147575e-03,3.695400804281234741e-02,1.218960061669349670e-02,8.588600903749465942e-02,-6.884869188070297241e-02,-1.124987751245498657e-02,2.306091226637363434e-02,7.715604454278945923e-02,8.247345685958862305e-02,5.417742580175399780e-02,-2.077484270557761192e-03,6.592256575822830200e-02,-2.298691868782043457e-02,-1.959147863090038300e-02,4.043142497539520264e-02,2.676591835916042328e-02,5.909522995352745056e-02,-7.316593825817108154e-02,-2.694691717624664307e-02,-1.862386986613273621e-02,9.265872091054916382e-02,9.397966414690017700e-02,3.952305391430854797e-02,1.096983850002288818e-01,-8.627641201019287109e-02,-1.172558218240737915e-01,-3.873303905129432678e-02,1.841740310192108154e-02,1.087872590869665146e-02,5.130517855286598206e-02,-9.441617876291275024e-02,7.852406799793243408e-02,-5.605732277035713196e-02,5.460922420024871826e-02,-8.296664804220199585e-02,6.733728200197219849e-02,-2.710415422916412354e-02,-9.156584739685058594e-03,-4.670909047126770020e-02,-8.893895894289016724e-02,9.131872653961181641e-02,-1.918884925544261932e-02,4.307480528950691223e-02,-4.284481983631849289e-03,8.572954684495925903e-02,-2.074530534446239471e-02,7.544208317995071411e-02,-3.931537643074989319e-02,-1.029391810297966003e-01,-1.184429675340652466e-01,7.909835129976272583e-02,5.139921233057975769e-02,-4.611686617136001587e-02,-5.416338145732879639e-02,-9.253931045532226562e-02,8.307351917028427124e-02,-5.396683141589164734e-02,4.891375452280044556e-02,-6.727207452058792114e-02,2.539623714983463287e-02,-9.061692655086517334e-02,-8.355416357517242432e-02,-2.547600073739886284e-03,-8.029116690158843994e-02,1.446534786373376846e-02,5.080189183354377747e-02,-4.479490220546722412e-02
9.368397295475006104e-02,-7.195451855659484863e-02,6.036506593227386475e-02,8.102630823850631714e-02,8.115345239639282227e-02,1.078570708632469177e-01,-1.095412075519561768e-01,6.659871339797973633e-02,-2.171802148222923279e-02,7.287272810935974121e-02,-1.257912516593933105e-01,3.256262466311454773e-02,2.512462995946407318e-02,4.402627423405647278e-02,-9.660024195909500122e-02,5.547443404793739319e-02,-3.259693458676338196e-02,3.339835628867149353e-02,-1.987223327159881592e-02,7.973793148994445801e-02,9.056006371974945068e-02,-5.205700919032096863e-02,-3.390923302504234016e-05,6.325808167457580566e-02,8.866831660270690918e-02,5.164597928524017334e-02,-2.952014096081256866e-02,6.715787202119827271e-02,-8.533046394586563110e-02,3.679523011669516563e-03,1.065131835639476776e-02,6.686113774776458740e-02,-9.011168777942657471e-02,-9.605781733989715576e-02,-5.892930924892425537e-02,6.420677900314331055e-02,7.816877961158752441e-02,-6.079406663775444031e-02,5.936360359191894531e-02,-5.565523356199264526e-02,8.666542917490005493e-02,-5.583833530545234680e-02,-7.277006655931472778e-02,-7.710443437099456787e-02,-5.112059414386749268e-02,4.056722298264503479e-02,5.657986178994178772e-02,-1.598449610173702240e-02,4.562924057245254517e-02,-7.809267938137054443e-02,-1.092962995171546936e-01,5.102704279124736786e-03,-3.721233084797859192e-02,8.073741942644119263e-02,6.875691935420036316e-03,-5.960716400295495987e-03,6.775148957967758179e-02,2.373501425608992577e-03,3.181024687364697456e-03,-8.154743164777755737e-02,-6.654972583055496216e-02,6.466092169284820557e-02,8.591108769178390503e-02,-3.177474811673164368e-02,-6.396573781967163086e-02,5.450427904725074768e-02,-3.054455853998661041e-02,-1.092718243598937988e-01,-8.499225229024887085e-02,-1.012705117464065552e-01,2.392175048589706421e-02,-1.038318425416946411e-01,6.064038351178169250e-02,5.452419165521860123e-03,1.160684786736965179e-02,3.717643767595291138e-02,1.925560645759105682e-02,-9.540682286024093628e-02,1.079901084303855896e-01,5.085273087024688721e-02,-5.596190318465232849e-02,-2.077018842101097107e-02,-6.238109245896339417e-02,-1.084121223539113998e-02,-5.036851018667221069e-02,2.195854205638170242e-03,-8.795613795518875122e-02,6.656583398580551147e-02,-1.996586471796035767e-02,-6.137194111943244934e-02,7.829225808382034302e-02,-4.251938685774803162e-02,7.574246078729629517e-02,8.602909743785858154e-02,5.914341658353805542e-02,1.092210337519645691e-01
-8.915763348340988159e-02,-9.166812896728515625e-02,9.267929941415786743e-02,-7.628456503152847290e-02,-8.489916473627090454e-02,7.070782035589218140e-02,-2.284107170999050140e-02,-6.815004348754882812e-02,-2.810052223503589630e-02,4.950201511383056641e-02,-9.945454448461532593e-02,-1.007761657238006592e-01,4.189448803663253784e-02,-7.870049774646759033e-02,3.565970808267593384e-02,7.659567147493362427e-02,4.873333871364593506e-02,9.205778688192367554e-02,4.296536743640899658e-02,8.470065891742706299e-02,-3.877446800470352173e-02,9.985920786857604980e-02,-2.657478116452693939e-02,6.231315433979034424e-02,5.988984555006027222e-02,8.931925147771835327e-02,-7.819065451622009277e-02,-6.678809411823749542e-03,-6.636435538530349731e-02,7.884676754474639893e-02,6.147964671254158020e-02,-9.272736310958862305e-02,-5.210312828421592712e-02,5.236540455371141434e-04,4.983630962669849396e-03,1.728615723550319672e-02,1.154999807476997375e-01,-5.153532698750495911e-02,3.224354609847068787e-02,3.409786894917488098e-02,3.609653934836387634e-02,-7.262386381626129150e-02,2.134152315557003021e-02,3.263379633426666260e-02,-3.256681188941001892e-02,5.105944722890853882e-02,2.550926245748996735e-02,3.675078274682164192e-03,8.614508807659149170e-02,-2.895876765251159668e-02,-2.846273779869079590e-02,-5.662510916590690613e-02,-2.859063446521759033e-02,3.825563564896583557e-02,-7.281144708395004272e-02,1.451004110276699066e-02,2.518536522984504700e-02,-3.677293658256530762e-02,8.264433592557907104e-02,4.843837395310401917e-02,7.976741530001163483e-03,-6.308516953140497208e-03,-5.573434382677078247e-02,-4.070157185196876526e-02,-7.600570470094680786e-02,3.058045916259288788e-02,3.822895139455795288e-02,-2.672229893505573273e-02,-2.393022738397121429e-02,9.065272286534309387e-03,-7.282239943742752075e-02,4.395966883748769760e-03,-1.217294391244649887e-02,-1.823949743993580341e-03,-1.761642470955848694e-02,8.657325059175491333e-02,4.436092451214790344e-02,7.532267272472381592e-02,-7.474014163017272949e-02,6.463139504194259644e-02,-6.045898050069808960e-02,4.006801173090934753e-02,-6.116659939289093018e-02,-1.526873093098402023e-03,5.174279958009719849e-02,-6.121330335736274719e-02,2.968339622020721436e-02,-6.932877749204635620e-02,-6.276313681155443192e-03,5.054656788706779480e-02,-4.806613922119140625e-02,-2.436529658734798431e-02,2.769110724329948425e-02,-4.317593201994895935e-02,2.304989844560623169e-02,1.476520206779241562e-02
-8.966647088527679443e-02,-1.061798110604286194e-01,-1.716450788080692291e-02,-6.279679387807846069e-02,9.758394211530685425e-03,-4.541469737887382507e-02,8.002974838018417358e-02,-3.218845278024673462e-02,3.050056844949722290e-02,2.529467083513736725e-02,1.481834426522254944e-02,8.548326790332794189e-02,4.324450716376304626e-02,7.485032081604003906e-02,4.947631433606147766e-02,8.790980279445648193e-02,4.300120472908020020e-02,1.544878352433443069e-02,-7.512606680393218994e-02,6.627420894801616669e-03,9.064795449376106262e-04,-4.097465053200721741e-02,1.047957390546798706e-01,2.699383720755577087e-02,8.739297837018966675e-02,1.246984302997589111e-01,1.009287033230066299e-02,1.029009893536567688e-01,5.633731186389923096e-02,-1.021518111228942871e-01,8.913332223892211914e-02,-5.553557351231575012e-02,-6.820272654294967651e-02,3.586450219154357910e-02,3.398349136114120483e-02,-4.600912332534790039e-02,-2.608730085194110870e-02,1.250420976430177689e-02,4.634041711688041687e-02,-8.304363489151000977e-02,4.204146564006805420e-02,6.084420904517173767e-02,-4.360572248697280884e-02,5.079396069049835205e-04,-7.867211848497390747e-02,2.439329214394092560e-02,-8.675368875265121460e-02,-3.681185096502304077e-02,-1.269509643316268921e-02,4.515757411718368530e-02,7.434289157390594482e-02,6.769026815891265869e-02,9.609516710042953491e-02,1.991169713437557220e-02,-9.574582427740097046e-02,2.529714070260524750e-02,-6.767566502094268799e-02,-5.514697358012199402e-02,8.657303452491760254e-02,4.032181948423385620e-02,6.140948832035064697e-02,1.088921725749969482e-01,-8.026906289160251617e-03,-9.725947678089141846e-02,-8.182009309530258179e-02,1.015009805560112000e-01,-1.182494498789310455e-02,1.140006631612777710e-01,-3.049978241324424744e-02,-7.349242456257343292e-03,-3.645687550306320190e-02,-4.449104145169258118e-02,-1.003279685974121094e-01,-3.442623093724250793e-02,1.150848250836133957e-02,-9.543976932764053345e-02,8.574520051479339600e-02,1.697330325841903687e-01,6.323143094778060913e-02,8.370254188776016235e-02,3.745723888278007507e-02,3.317983075976371765e-02,3.882143273949623108e-02,-5.082430690526962280e-02,8.971433341503143311e-02,4.031122475862503052e-02,7.354760076850652695e-03,-1.077731046825647354e-02,-5.465203896164894104e-02,1.111515685915946960e-01,-2.927941456437110901e-02,2.904342021793127060e-03,1.655474863946437836e-02,3.810046240687370300e-03,4.731579124927520752e-02,-6.749933958053588867e-02
-5.872975662350654602e-02,-4.007434472441673279e-02,-7.467523962259292603e-02,-8.471797406673431396e-02,-1.006713807582855225e-01,5.353698134422302246e-02,1.004548743367195129e-01,-4.824194684624671936e-02,5.754228308796882629e-02,-1.598038524389266968e-01,-2.632278949022293091e-02,-3.409062325954437256e-02,3.224352374672889709e-02,1.145873665809631348e-01,-8.538158237934112549e-02,-9.979433566331863403e-02,2.218534238636493683e-02,5.801529437303543091e-02,-8.279675245285034180e-02,-5.388897284865379333e-02,-3.465354442596435547e-02,8.678536862134933472e-02,-5.761193484067916870e-02,1.943098148331046104e-03,-2.199193648993968964e-02,1.449338793754577637e-01,-1.249754726886749268e-01,7.793302088975906372e-02,8.735434710979461670e-02,8.156356401741504669e-03,5.188833456486463547e-04,6.357222795486450195e-03,-5.118452012538909912e-02,-7.168640196323394775e-02,-6.311941891908645630e-02,7.272454351186752319e-02,6.577575206756591797e-02,8.512587845325469971e-02,4.936473444104194641e-03,-7.527532428503036499e-02,-7.084415294229984283e-03,-1.422982066869735718e-01,5.314958468079566956e-02,5.679990351200103760e-02,8.515495061874389648e-02,-7.510795444250106812e-02,-8.635740727186203003e-02,-4.771220311522483826e-02,4.749395884573459625e-03,-8.761268854141235352e-02,-6.304746121168136597e-02,-3.925266489386558533e-02,1.225827783346176147e-01,9.098293958231806755e-04,4.297804832458496094e-02,6.145973131060600281e-02,2.930268645286560059e-02,4.884604364633560181e-02,-2.513040415942668915e-02,-9.160783886909484863e-02,-8.122488856315612793e-03,6.928150355815887451e-02,-5.055228993296623230e-02,-1.313605997711420059e-02,-7.529878616333007812e-02,1.607840694487094879e-02,-1.548711210489273071e-02,1.576016470789909363e-02,-9.383595734834671021e-02,3.249715268611907959e-02,7.143759727478027344e-02,-3.743373230099678040e-02,-4.601587355136871338e-02,-1.399724930524826050e-01,-1.195795536041259766e-01,7.001709192991256714e-02,5.785264074802398682e-02,1.372692435979843140e-01,-8.980298787355422974e-02,-7.024501264095306396e-02,-7.550223171710968018e-02,1.799129880964756012e-02,-3.341920673847198486e-02,2.384155802428722382e-02,7.237835973501205444e-02,9.287474304437637329e-02,-7.958865910768508911e-02,2.848536893725395203e-02,1.892576552927494049e-02,-7.685821503400802612e-02,-9.750083833932876587e-02,9.317751973867416382e-02,9.978483617305755615e-02,-3.825690597295761108e-02,8.861211128532886505e-03,-9.338720142841339111e-02
9.236083179712295532e-02,1.770933158695697784e-02,-8.106516301631927490e-02,-8.114884048700332642e-02,8.137761801481246948e-02,-5.348224565386772156e-02,-8.248992264270782471e-02,3.380453214049339294e-02,6.051252409815788269e-02,-5.984837189316749573e-02,-2.556737139821052551e-02,-2.083816565573215485e-02,-8.804351091384887695e-02,-6.670762598514556885e-02,-8.842883259057998657e-02,8.925096690654754639e-02,-4.803487099707126617e-03,-2.178143337368965149e-02,-9.012516587972640991e-02,-1.008153408765792847e-01,6.383641809225082397e-02,7.190027087926864624e-02,7.665538042783737183e-02,-1.320177316665649414e-02,8.639714121818542480e-02,-1.893126219511032104e-02,3.783627599477767944e-02,2.776516228914260864e-02,4.814776778221130371e-02,-2.373148128390312195e-02,1.081907600164413452e-01,-1.297959033399820328e-02,6.425786018371582031e-02,5.317473318427801132e-03,-7.958458364009857178e-02,8.897730708122253418e-02,-8.484768867492675781e-02,1.834263093769550323e-02,5.572260124608874321e-04,5.306097120046615601e-02,-5.674282461404800415e-02,-4.099817946553230286e-02,-5.952813848853111267e-02,1.699257083237171173e-02,6.942254304885864258e-02,3.216946125030517578e-02,-5.387334898114204407e-02,2.281768061220645905e-02,6.063540652394294739e-02,-8.361016213893890381e-02,-8.526772260665893555e-02,7.701529562473297119e-02,2.563478983938694000e-02,-9.191776067018508911e-02,1.956673525273799896e-02,1.687414944171905518e-02,-2.052522078156471252e-02,5.800874903798103333e-02,-5.024570226669311523e-02,5.561247840523719788e-02,2.423908375203609467e-02,-4.484727606177330017e-02,1.007660999894142151e-01,-9.015657752752304077e-02,7.261458784341812134e-02,4.009091295301914215e-03,8.159710466861724854e-02,-8.795043826103210449e-02,-3.116838261485099792e-02,3.051074221730232239e-02,-7.254075258970260620e-02,9.797862730920314789e-03,2.642780914902687073e-02,6.474695354700088501e-02,-3.249206393957138062e-02,8.986795693635940552e-02,7.457681000232696533e-02,2.366602793335914612e-02,2.119645848870277405e-02,6.645178794860839844e-02,-9.187012328766286373e-04,-1.673845387995243073e-02,3.153026476502418518e-02,-7.330599427223205566e-02,1.141937449574470520e-01,-6.150475516915321350e-02,-9.895835071802139282e-02,1.144688799977302551e-01,8.858463913202285767e-02,-8.322627842426300049e-02,1.348164770752191544e-02,2.453704737126827240e-02,6.957893818616867065e-02,4.394627362489700317e-02,8.480538427829742432e-02,-6.144421175122261047e-02
-8.555615693330764771e-02,-6.304054055362939835e-03,9.027488529682159424e-02,-2.321415377082303166e-04,-3.551134467124938965e-02,-8.215688914060592651e-02,-1.101695448160171509e-01,-1.060274615883827209e-01,-1.428156741894781590e-03,2.444064244627952576e-02,2.207717671990394592e-02,-5.299859866499900818e-02,4.904408752918243408e-02,1.625276729464530945e-02,-5.360905081033706665e-02,-1.204004883766174316e-02,-3.280045697465538979e-03,1.017350852489471436e-01,3.533894941210746765e-02,-7.377306371927261353e-02,-2.665059268474578857e-02,-5.962827801704406738e-02,2.410689741373062134e-02,-6.673473864793777466e-02,-2.714782208204269409e-02,-8.483256399631500244e-02,-7.727807015180587769e-02,6.419244408607482910e-02,4.351298511028289795e-02,7.157843559980392456e-02,3.753342479467391968e-02,-9.850488603115081787e-02,-4.440430924296379089e-02,-1.048093065619468689e-01,-2.390481159090995789e-02,-5.665332823991775513e-02,-4.289386852178722620e-04,-2.456268668174743652e-02,-9.114379435777664185e-02,-7.335047423839569092e-02,-7.467167079448699951e-02,-5.385376885533332825e-02,-8.629566431045532227e-02,3.561131283640861511e-02,-9.164535254240036011e-02,6.927546858787536621e-02,2.153054811060428619e-02,-1.025873646140098572e-01,-1.822306215763092041e-02,-8.177441544830799103e-03,6.878006458282470703e-02,3.196313977241516113e-02,-9.030723944306373596e-03,5.796938017010688782e-02,-9.365088492631912231e-02,-3.698550909757614136e-02,2.039945311844348907e-02,3.895370988175272942e-03,-9.904827456921339035e-04,-8.565314859151840210e-02,6.877706199884414673e-02,4.886883776634931564e-03,-2.380136959254741669e-02,1.215599197894334793e-02,8.824971318244934082e-02,3.756549954414367676e-02,-2.444262430071830750e-02,4.727008193731307983e-02,-1.134441234171390533e-02,-3.653730452060699463e-02,-9.924514591693878174e-02,-9.142295271158218384e-02,-3.533233702182769775e-02,-6.910026073455810547e-02,7.831334136426448822e-03,3.999608568847179413e-03,-4.920234903693199158e-02,7.025767862796783447e-02,2.001367323100566864e-02,-6.754671782255172729e-02,5.489892885088920593e-02,8.351727575063705444e-02,7.713551074266433716e-02,3.160534799098968506e-02,4.227585345506668091e-02,8.096495643258094788e-03,6.261736899614334106e-02,-2.760781161487102509e-02,3.955924138426780701e-02,-1.276939082890748978e-02,-1.442449167370796204e-02,-6.653218530118465424e-03,9.592161327600479126e-02,-9.811168909072875977e-02,-1.027395948767662048e-01,1.955126598477363586e-02
3.852808848023414612e-02,-2.324862219393253326e-02,3.966271132230758667e-02,1.329278107732534409e-02,-4.843931272625923157e-02,-1.478045061230659485e-02,-8.745381236076354980e-02,-9.729462116956710815e-02,-1.283454336225986481e-02,-6.509587168693542480e-02,2.494932711124420166e-02,-1.094957888126373291e-01,-2.281958609819412231e-02,-3.709159418940544128e-02,8.953303098678588867e-02,6.865088641643524170e-02,-6.039004027843475342e-02,3.225152939558029175e-02,7.437002658843994141e-02,3.394057974219322205e-02,2.225487492978572845e-03,-7.300389558076858521e-02,-4.851298034191131592e-02,4.673785343766212463e-02,4.110975563526153564e-02,-5.284305661916732788e-02,8.530764281749725342e-02,2.483338350430130959e-03,4.528213664889335632e-02,5.394661799073219299e-02,-3.731496259570121765e-02,-2.418911270797252655e-02,-7.531715929508209229e-02,7.102163974195718765e-03,-7.319507747888565063e-02,-2.365304529666900635e-02,-7.484086602926254272e-02,-7.974571199156343937e-04,-3.198960423469543457e-02,-4.204263538122177124e-02,-4.556597769260406494e-02,6.626953929662704468e-02,-4.901475086808204651e-02,3.797416761517524719e-02,2.994546480476856232e-02,-4.621915146708488464e-02,-8.198291808366775513e-02,9.550078213214874268e-02,-1.072734966874122620e-01,9.812061907723546028e-04,-8.637659251689910889e-03,2.686476334929466248e-03,-5.242786556482315063e-02,-2.446826547384262085e-02,6.044628098607063293e-02,4.576236754655838013e-02,8.343474566936492920e-02,8.699231594800949097e-02,3.232736513018608093e-02,-9.162534028291702271e-02,5.808978341519832611e-03,5.766260996460914612e-02,3.025007992982864380e-02,1.450541522353887558e-02,-4.088751226663589478e-02,2.379404567182064056e-02,-9.956755675375461578e-03,7.020432502031326294e-02,-1.051270961761474609e-02,-7.512451708316802979e-02,1.267714239656925201e-02,-8.710443973541259766e-02,-9.966384619474411011e-02,5.464073270559310913e-02,-2.171648852527141571e-02,-6.118511315435171127e-03,-5.813642963767051697e-02,8.066163212060928345e-02,-7.547359913587570190e-02,2.137004584074020386e-02,-9.383672475814819336e-02,-6.691625807434320450e-03,3.806271776556968689e-02,-1.024866625666618347e-01,-1.051055714488029480e-01,3.038243763148784637e-02,-6.822755187749862671e-02,-1.827737130224704742e-02,-5.109319835901260376e-02,8.599194884300231934e-02,-2.106743492186069489e-02,-5.836383625864982605e-02,1.674349606037139893e-02,6.417658925056457520e-02,-8.363415300846099854e-02,6.567192077636718750e-02
-7.838042825460433960e-02,4.341802746057510376e-02,8.581126481294631958e-02,5.933582410216331482e-02,1.054178923368453979e-01,9.569255262613296509e-02,8.460941724479198456e-03,-5.508222803473472595e-02,-2.987007051706314087e-02,1.337676309049129486e-02,1.230791807174682617e-01,7.526116073131561279e-02,-4.717765003442764282e-02,1.622437499463558197e-03,2.388105355203151703e-02,-1.971798203885555267e-02,-5.401575192809104919e-02,-6.895531713962554932e-02,-3.764700517058372498e-02,6.012897193431854248e-02,-4.794953763484954834e-02,-8.714269846677780151e-02,3.309031203389167786e-02,4.944029822945594788e-02,-8.592578023672103882e-02,-9.377970546483993530e-02,-3.685140609741210938e-02,2.193269692361354828e-02,1.958699151873588562e-02,-6.483891606330871582e-02,-9.868768975138664246e-03,9.167716652154922485e-02,-3.232674300670623779e-02,6.688060611486434937e-02,-1.878475304692983627e-03,4.101937636733055115e-02,8.414662629365921021e-02,9.960336238145828247e-02,5.361479148268699646e-02,3.728675097227096558e-02,2.768423222005367279e-02,6.975597888231277466e-02,1.215483024716377258e-01,4.954859614372253418e-02,8.515403419733047485e-02,9.806231409311294556e-02,-4.727863520383834839e-02,7.001184858381748199e-04,-5.608262121677398682e-02,-3.140777722001075745e-02,7.705339044332504272e-02,1.011810526251792908e-01,-4.237367585301399231e-02,-5.593264475464820862e-02,-3.719888255000114441e-02,5.153873935341835022e-02,5.126233771443367004e-02,-4.188114404678344727e-02,3.187207505106925964e-02,2.878327295184135437e-02,-5.698228254914283752e-02,-1.345200836658477783e-01,8.813820779323577881e-02,8.238225243985652924e-03,-2.778157219290733337e-02,4.639697819948196411e-02,2.548770792782306671e-02,2.188028022646903992e-02,5.043496191501617432e-02,-3.150605782866477966e-02,-7.038862258195877075e-02,-4.722983390092849731e-02,-7.363443076610565186e-02,-9.115345031023025513e-02,-5.182029306888580322e-02,-7.607449591159820557e-02,5.291467159986495972e-02,-1.598607301712036133e-01,5.739904195070266724e-02,-6.492800265550613403e-02,1.823417656123638153e-02,8.127715438604354858e-02,6.090131029486656189e-02,-8.311337977647781372e-02,-1.063398197293281555e-01,-6.965808104723691940e-03,1.075657084584236145e-01,8.514558523893356323e-02,-9.108901768922805786e-02,1.893632672727108002e-02,-5.380178801715373993e-03,3.323718905448913574e-02,8.818306773900985718e-02,1.371790003031492233e-02,1.251135580241680145e-02,8.479895442724227905e-02
3.720051795244216919e-02,-4.480509087443351746e-02,3.790774615481495857e-03,-7.576547563076019287e-03,-3.256573155522346497e-02,-1.019399240612983704e-01,5.026510730385780334e-02,7.790575921535491943e-02,-2.602449990808963776e-02,4.232852533459663391e-02,1.147209703922271729e-01,2.677685394883155823e-02,4.387060180306434631e-02,-2.662235125899314880e-02,3.445904701948165894e-02,3.969167545437812805e-02,-5.667817965149879456e-02,6.210746243596076965e-02,6.765277683734893799e-02,5.031731352210044861e-02,2.142929844558238983e-02,-2.815504372119903564e-02,8.411669731140136719e-02,-5.704617872834205627e-02,2.709325216710567474e-02,1.030145138502120972e-01,-6.725912913680076599e-03,-5.704167112708091736e-02,3.322022268548607826e-03,5.538579449057579041e-02,-8.343054354190826416e-02,-6.678804755210876465e-02,2.388487756252288818e-02,9.223713539540767670e-03,-7.789172977209091187e-02,-9.621212631464004517e-02,-8.046152442693710327e-02,-6.808605045080184937e-02,1.012419387698173523e-01,-3.055740147829055786e-02,-5.479288753122091293e-03,-1.023680865764617920e-01,-5.848596617579460144e-02,1.540256664156913757e-02,3.259694576263427734e-02,1.309091225266456604e-02,1.584339328110218048e-02,5.747311934828758240e-02,-1.844385080039501190e-02,-8.523266762495040894e-02,2.587896585464477539e-02,-4.359042271971702576e-02,1.970909163355827332e-02,7.025664206594228745e-03,-6.387101113796234131e-02,-9.453517198562622070e-02,-7.022985070943832397e-02,-1.845506951212882996e-02,7.301827520132064819e-02,4.512807354331016541e-02,8.646287769079208374e-02,-8.134448528289794922e-02,8.904707431793212891e-02,3.948456048965454102e-02,2.544398233294487000e-02,-6.480496376752853394e-02,-5.517265945672988892e-02,-7.620202749967575073e-02,5.442003533244132996e-02,9.458576887845993042e-02,-8.903920650482177734e-02,8.028320968151092529e-02,5.302574858069419861e-02,-2.679559774696826935e-02,-6.162515375763177872e-03,5.191031843423843384e-02,1.097080558538436890e-01,-1.587988249957561493e-02,9.543158113956451416e-02,-4.317014291882514954e-02,-2.248645946383476257e-02,5.252724885940551758e-02,-4.066468030214309692e-02,5.752300471067428589e-02,6.712383031845092773e-02,1.307461131364107132e-02,3.930891677737236023e-02,8.940557017922401428e-03,1.099677011370658875e-01,-1.070919558405876160e-01,-5.042887479066848755e-02,1.093718484044075012e-01,-1.256222091615200043e-02,7.594252377748489380e-02,-7.519514858722686768e-02,9.930961579084396362e-02
